,ID,Name,Year,Rank,Average,Bayes average,Users rated,recommendation1,recommendation2,recommendation3,recommendation4,recommendation5,recommendation6
0,174430,Gloomhaven,2017,1,8.74,8.51,47555,291457,295770,96848,255984,180263,162886
1,161936,Pandemic Legacy: Season 1,2015,2,8.6,8.44,44877,221107,314040,239188,224037,266507,198928
2,224517,Brass: Birmingham,2018,3,8.67,8.42,25216,220308,251247,167791,341169,125153,284378
3,167791,Terraforming Mars,2016,4,8.42,8.27,73742,341169,169786,316554,224517,183394,193738
4,233078,Twilight Imperium: Fourth Edition,2017,5,8.68,8.26,15911,246900,187645,205896,237182,283355,169786
5,291457,Gloomhaven: Jaws of the Lion,2020,6,8.69,8.25,15543,174430,255984,162886,285192,269385,295770
6,220308,Gaia Project,2017,7,8.48,8.18,19033,251247,224517,193738,317985,120677,177736
7,187645,Star Wars: Rebellion,2016,8,8.42,8.17,25443,233078,115746,246900,233247,271896,169786
8,182028,Through the Ages: A New Story of Civilization,2015,9,8.39,8.15,25507,220308,120677,167791,224517,193738,169786
9,115746,War of the Ring: Second Edition,2012,10,8.51,8.13,15395,187645,175155,233078,362944,135219,283355
10,162886,Spirit Island,2017,11,8.36,8.13,31845,169786,316554,237182,329082,284653,361545
11,193738,Great Western Trail,2016,12,8.29,8.12,32814,126163,177736,216132,120677,124361,102794
12,12333,Twilight Struggle,2005,13,8.28,8.12,42966,27708,25021,62219,177590,111799,182028
13,169786,Scythe,2016,14,8.22,8.06,64229,316554,167791,170216,237182,183394,162886
14,84876,The Castles of Burgundy,2011,15,8.13,8.01,50374,126163,102794,193738,177736,124361,216132
15,173346,7 Wonders Duel,2015,16,8.11,7.98,68942,262712,271324,266192,163412,230802,293014
16,167355,Nemesis,2018,17,8.39,7.98,17441,310100,340466,253344,285967,187645,233078
17,120677,Terra Mystica,2012,18,8.12,7.97,41694,193738,31260,144733,220308,122515,182028
18,124361,Concordia,2013,19,8.12,7.97,31337,122515,73439,193738,35677,126163,84876
19,28720,Brass: Lancashire,2007,20,8.18,7.96,20861,122515,43015,175914,62219,124361,256730
20,177736,A Feast for Odin,2016,21,8.2,7.95,19927,102794,193738,317985,229853,216132,126163
21,316554,Dune: Imperium,2020,22,8.32,7.94,14395,169786,167791,341169,183394,162886,224517
22,266192,Wingspan,2019,23,8.1,7.94,55347,266524,312484,281259,230802,244521,173346
23,205637,Arkham Horror: The Card Game,2016,24,8.16,7.93,32811,359609,257499,146021,205059,269385,291457
24,183394,Viticulture Essential Edition,2015,25,8.06,7.89,34480,342942,341169,312484,167791,170042,286096
25,164928,Orléans,2014,26,8.08,7.88,24478,182874,126163,203993,220877,171623,193738
26,237182,Root,2018,27,8.1,7.88,31226,169786,162886,291572,316554,246900,233078
27,96848,Mage Knight Board Game,2011,28,8.1,7.88,29350,174430,72125,82222,162886,121921,37111
28,199792,Everdell,2018,29,8.09,7.87,28528,312484,244521,295947,328871,266192,365717
29,3076,Puerto Rico,2002,30,7.97,7.84,65340,31260,18602,2651,31594,120677,93
30,175914,Food Chain Magnate,2015,31,8.12,7.83,15316,256960,28720,256730,214880,62219,229892
31,266507,Clank!: Legacy – Acquisitions Incorporated,2019,32,8.7,7.83,4844,233371,201808,365717,328871,161936,195421
32,102794,Caverna: The Cave Farmers,2013,33,8.0,7.83,29711,177736,126163,193738,216132,84876,120677
33,170216,Blood Rage,2015,34,7.99,7.82,37386,169786,205896,316554,285967,189932,127023
34,31260,Agricola,2007,35,7.93,7.81,65989,3076,2651,120677,28143,18602,84876
35,312484,Lost Ruins of Arnak,2020,36,8.11,7.8,16248,342942,236457,286096,266192,183394,350184
36,285774,Marvel Champions: The Card Game,2019,37,8.2,7.8,13804,374173,387866,298047,381297,291457,277659
37,276025,Maracaibo,2019,38,8.21,7.8,10569,229853,247763,310873,216132,308765,126163
38,192135,Too Many Bones,2017,39,8.43,7.79,7765,262211,322656,313889,373167,338434,295770
39,221107,Pandemic Legacy: Season 2,2017,40,8.11,7.79,13581,161936,314040,239188,146508,2511,224037
40,205059,Mansions of Madness: Second Edition,2016,41,8.03,7.79,28337,146021,257499,269385,340466,193037,167355
41,246900,Eclipse: Second Dawn for the Galaxy,2020,42,8.68,7.78,5213,233078,169786,297562,237182,205896,285967
42,284083,The Crew: The Quest for Planet Nine,2019,43,7.97,7.78,24498,324856,254640,98778,178900,129622,225694
43,251247,Barrage,2019,44,8.22,7.77,9326,310873,220308,224517,125153,193738,317985
44,247763,Underwater Cities,2018,45,8.1,7.77,12651,265188,308765,229853,311193,276025,228341
45,185343,Anachrony,2017,46,8.11,7.76,13249,276025,317985,342942,220308,286096,177736
46,126163,Tzolk'in: The Mayan Calendar,2012,47,7.89,7.74,33111,193738,216132,171623,229853,164928,102794
47,2651,Power Grid,2004,48,7.84,7.74,58488,31260,3076,124361,43015,120677,122515
48,55690,Kingdom Death: Monster,2015,49,8.61,7.74,8038,251661,169427,242705,280794,295770,312859
49,180263,The 7th Continent,2017,50,8.05,7.74,18727,174430,255984,295770,96848,266507,291457
50,256960,Pax Pamir: Second Edition,2019,51,8.36,7.72,6599,175914,332686,308119,316624,262941,28720
51,216132,Clans of Caledonia,2017,52,7.99,7.72,16655,126163,146886,193738,229853,73439,102794
52,209010,Mechs vs. Minions,2016,53,8.03,7.72,15067,174430,216734,162886,150376,170216,161936
53,164153,Star Wars: Imperial Assault,2014,54,8.0,7.72,21729,271896,103885,187645,269385,370913,124708
54,35677,Le Havre,2008,55,7.87,7.71,27926,124361,193738,73439,126163,102680,159675
55,184267,On Mars,2020,56,8.26,7.71,7797,284378,125153,237179,163068,161533,175640
56,125153,The Gallerist,2015,57,8.06,7.69,11049,161533,184267,284378,175640,310873,251247
57,230802,Azul,2017,58,7.8,7.69,62252,163412,148228,54043,233867,204583,209685
58,72125,Eclipse,2011,59,7.88,7.68,26820,37111,31481,127023,40765,105551,25292
59,161533,Lisboa,2017,60,8.2,7.68,7845,125153,175640,284378,184267,310873,237179
60,25613,Through the Ages: A Story of Civilization,2006,61,7.9,7.68,18359,31260,3076,120677,20551,18602,28143
61,244521,The Quacks of Quedlinburg,2018,62,7.84,7.67,29179,295947,265736,298069,199792,266192,199561
62,521,Crokinole,1876,63,7.94,7.67,13384,284083,140934,193042,221965,92415,172
63,124742,Android: Netrunner,2012,64,7.88,7.67,27636,72125,37111,257501,31481,39463,96848
64,191189,Aeon's End,2016,65,8.01,7.67,13717,241451,218417,121921,162886,291457,318184
65,159675,Fields of Arle,2014,66,8.08,7.66,8996,143693,35677,300322,193738,70149,102680
66,266810,Paladins of the West Kingdom,2019,67,8.03,7.65,11024,296151,350316,247763,236457,170042,183394
67,28143,Race for the Galaxy,2007,68,7.76,7.65,48790,31260,132531,84876,63888,120677,68448
68,121921,Robinson Crusoe: Adventures on the Cursed Island,2012,69,7.82,7.65,36953,191189,188920,162886,154203,96848,192458
69,201808,Clank!: A Deck-Building Adventure,2016,70,7.82,7.65,31790,233371,199792,328871,266507,169786,262712
70,229853,Teotihuacan: City of Gods,2018,71,7.93,7.64,15103,276025,247763,126163,308765,310873,216132
71,171623,The Voyages of Marco Polo,2015,72,7.84,7.64,21753,126163,203993,164928,73439,216132,193738
72,68448,7 Wonders,2010,73,7.74,7.64,89621,36218,129622,34635,84876,30549,822
73,157354,Five Tribes,2014,74,7.78,7.63,34435,123260,176494,164928,155426,170042,318084
74,200680,Agricola (Revised Edition),2016,75,8.0,7.62,11572,341169,220308,224517,167791,177736,102794
75,62219,Dominant Species,2010,76,7.84,7.62,18748,28720,175914,182028,1,262941,54138
76,110327,Lords of Waterdeep,2012,77,7.75,7.62,48535,155426,132531,123260,31481,182134,176920
77,182874,Grand Austria Hotel,2015,78,7.88,7.6,14644,164928,203993,245638,220877,126163,229853
78,264220,Tainted Grail: The Fall of Avalon,2019,79,8.27,7.59,7943,322708,280794,188920,325494,311988,310100
79,122515,Keyflower,2012,80,7.78,7.59,20087,73439,124361,193738,35677,120677,216132
80,236457,Architects of the West Kingdom,2018,81,7.81,7.59,20437,312484,286096,342942,183394,276025,170042
81,93,El Grande,1995,82,7.75,7.58,24438,43015,42,3076,54,18602,31260
82,18602,Caylus,2005,83,7.75,7.58,27452,3076,31594,31260,25554,555,9216
83,37111,Battlestar Galactica: The Board Game,2008,84,7.74,7.57,33914,72125,31481,38453,12493,43111,150376
84,12493,Twilight Imperium: Third Edition,2005,85,7.83,7.56,18606,37111,72125,59294,77130,43111,25292
85,73439,Troyes,2010,86,7.75,7.56,20171,122515,124361,216132,146886,126163,171623
86,314040,Pandemic Legacy: Season 0,2020,87,8.64,7.56,3452,221107,161936,239188,266507,255984,146508
87,40834,Dominion: Intrigue,2009,88,7.71,7.56,31148,36218,31481,68448,40692,13,31260
88,172386,Mombasa,2015,89,7.87,7.55,11619,102680,203993,35677,70149,127060,217780
89,146021,Eldritch Horror,2013,90,7.79,7.55,31394,205059,257499,269385,340466,181279,100423
90,269385,The Lord of the Rings: Journeys in Middle-Earth,2019,91,8.01,7.55,11116,205059,291457,342848,322708,271896,174430
91,170042,Raiders of the North Sea,2015,92,7.77,7.54,18193,183394,286096,236457,221194,266810,157354
92,205896,Rising Sun,2018,93,7.84,7.54,17422,285967,170216,297562,233078,246900,127023
93,163412,Patchwork,2014,94,7.64,7.54,51877,230802,54043,148228,209685,233867,204583
94,144733,Russian Railroads,2013,95,7.76,7.53,15808,120677,193738,216132,126163,146886,171623
95,203993,Lorenzo il Magnifico,2016,96,7.88,7.53,10697,102680,182874,171623,164928,245638,244711
96,42,Tigris & Euphrates,1997,97,7.7,7.53,26115,93,43015,3,503,112,12
97,281259,The Isle of Cats,2019,98,7.93,7.53,10887,266524,300877,266192,350184,290236,233867
98,225694,Decrypto,2018,99,7.79,7.52,14308,92415,284083,178900,246784,324856,254640
99,102680,Trajan,2011,100,7.76,7.51,15519,203993,127060,172386,227789,171623,35677
100,178900,Codenames,2015,101,7.6,7.51,74009,30549,198773,98778,244992,284083,39856
101,155821,Inis,2016,102,7.81,7.5,14469,237182,274364,127023,170216,286749,54998
102,132531,Roll for the Galaxy,2014,103,7.65,7.5,28141,28143,68448,97207,84876,110327,31481
103,36218,Dominion,2008,104,7.61,7.5,81362,68448,31481,30549,132531,28143,31260
104,233371,Clank! In! Space!: A Deck-Building Adventure,2017,105,7.85,7.49,10673,201808,266507,365717,328871,169786,316554
105,30549,Pandemic,2008,106,7.59,7.49,108584,178900,70323,68448,36218,129622,65244
106,196340,Yokohama,2016,107,7.85,7.49,9797,216132,146886,73439,128271,126163,203993
107,172287,Champions of Midgard,2015,108,7.76,7.49,14569,221194,170042,110327,195421,169426,169786
108,2511,Sherlock Holmes Consulting Detective: The Thames Murders & Other Cases,1982,109,7.7,7.48,18482,204305,161936,221107,314040,239188,146508
109,198928,Pandemic: Iberia,2016,110,7.91,7.48,8855,161936,260428,183394,199478,150658,171668
110,218417,Aeon's End: War Eternal,2017,111,8.38,7.48,4022,241451,191189,270633,299317,291457,162886
111,127023,Kemet,2012,112,7.7,7.47,17155,54998,170216,205896,189932,192457,72125
112,175155,Forbidden Stars,2015,113,7.97,7.47,7986,115746,233078,187645,103343,299659,127023
113,263918,Cartographers,2019,114,7.72,7.47,16355,295947,173346,266192,244521,244522,266524
114,175640,Vinhos Deluxe Edition,2016,115,8.18,7.47,4919,161533,125153,184267,284378,237179,325022
115,163068,Trickerion: Legends of Illusion,2015,116,7.94,7.46,7682,184267,125153,284378,237179,142379,247763
116,266524,PARKS,2019,117,7.8,7.46,12317,266192,281259,350184,295947,199561,300877
117,262712,Res Arcana,2019,118,7.74,7.46,13788,173346,293014,312484,271324,236457,155987
118,161970,Alchemists,2014,119,7.67,7.45,19501,167791,201808,169786,189932,182028,316554
119,146652,Legendary Encounters: An Alien Deck Building Game,2014,120,7.78,7.45,11917,271896,174570,96848,100423,174430,159109
120,233398,Endeavor: Age of Sail,2018,121,7.98,7.44,7173,228341,247763,265188,311193,193738,164928
121,103885,Star Wars: X-Wing Miniatures Game,2012,122,7.67,7.44,23684,252328,183562,163745,164153,205359,187645
122,147020,Star Realms,2014,123,7.58,7.44,38415,163967,132531,171668,40692,201808,198994
123,34635,Stone Age,2008,124,7.56,7.44,47124,6249,68448,84876,107529,42215,191862
124,4098,Age of Steam,2002,125,7.79,7.44,9430,111341,19777,552,13122,875,350205
125,253344,Cthulhu: Death May Die,2019,126,8.15,7.44,5772,167355,310100,291457,205059,285192,269385
126,118048,Targi,2012,127,7.64,7.43,16842,191862,54043,84876,176494,162082,148949
127,271324,It's a Wonderful World,2019,128,7.82,7.43,9696,293014,364073,233867,269144,366013,173346
128,14996,Ticket to Ride: Europe,2005,129,7.54,7.42,62958,822,9220,173346,13,163412,70919
129,274364,Watergate,2019,130,7.92,7.42,6808,258210,338957,237182,206718,124361,279537
130,148949,Istanbul,2014,131,7.57,7.42,26995,176494,104006,171623,84876,156009,164928
131,43015,Hansa Teutonica,2009,132,7.68,7.42,12603,122515,93,28720,124361,19857,2651
132,284378,Kanban EV,2020,133,8.62,7.42,2878,184267,125153,237179,161533,175640,224517
133,233867,Welcome To...,2018,134,7.6,7.42,21334,219513,230802,184921,246192,204583,271324
134,104162,Descent: Journeys in the Dark (Second Edition),2012,135,7.67,7.42,23580,17226,42776,146439,124708,66356,181530
135,244522,That's Pretty Clever!,2018,136,7.62,7.41,17243,269210,244521,263918,295947,316546,269207
136,9609,War of the Ring,2004,137,7.78,7.41,10130,6472,12493,59294,77130,22827,25417
137,43111,Chaos in the Old World,2009,138,7.67,7.41,14649,54998,37111,72125,127023,175155,12493
138,77423,The Lord of the Rings: The Card Game,2011,139,7.66,7.41,21790,349067,269385,133038,100423,146652,103886
139,287954,Azul: Summer Pavilion,2019,140,7.78,7.4,9831,256226,346965,199561,283155,295947,244521
140,150376,Dead of Winter: A Crossroads Game,2014,141,7.54,7.4,41294,157969,156129,181279,245655,171131,193037
141,82222,Xia: Legends of a Drift System,2014,142,7.88,7.39,8184,233078,209010,181279,96848,174430,169786
142,54043,Jaipur,2009,143,7.5,7.39,40966,163412,230802,191862,209685,148228,50
143,220877,Rajas of the Ganges,2017,144,7.72,7.39,10357,182874,164928,245638,245934,250458,283863
144,254640,Just One,2018,145,7.62,7.39,15522,284083,329839,274960,178900,324856,98778
145,17133,Railways of the World,2005,146,7.69,7.39,11332,25613,31260,27833,2651,3076,28143
146,128882,The Resistance: Avalon,2012,147,7.56,7.38,28709,39856,198773,225694,188834,131357,171131
147,217372,The Quest for El Dorado,2017,148,7.62,7.38,15274,244521,140934,172308,206718,287954,176494
148,10630,Memoir '44,2004,149,7.56,7.38,26783,268864,68448,260428,30549,258210,28143
149,155426,Castles of Mad King Ludwig,2014,150,7.54,7.38,23077,123260,110327,157354,170042,97842,183394
150,221194,Dinosaur Island,2017,151,7.68,7.38,13044,170042,172287,195421,197376,279254,201825
151,70149,Ora et Labora,2011,152,7.7,7.38,10111,35677,172386,159675,42052,144733,102680
152,103343,A Game of Thrones: The Board Game (Second Edition),2011,153,7.58,7.38,30183,54998,115746,175155,77130,187645,233078
153,283948,Marco Polo II: In the Service of the Khan,2019,154,8.09,7.37,4619,308765,244711,171623,126163,203993,229853
154,463,Magic: The Gathering,1993,155,7.54,7.37,34273,257501,147020,40692,36218,31481,174430
155,39463,Cosmic Encounter,2008,156,7.54,7.37,28749,182134,176920,171131,31481,150376,110327
156,282524,Horrified,2019,157,7.79,7.37,9471,343562,302388,248490,272738,254386,370913
157,188920,This War of Mine: The Board Game,2017,158,7.81,7.36,9801,311988,121921,167355,269385,264220,255984
158,199561,Sagrada,2017,159,7.52,7.36,30123,256226,283155,287954,265736,274960,295947
159,14105,Commands & Colors: Ancients,2006,160,7.78,7.36,8155,62222,37836,3685,259066,21050,17396
160,25021,Sekigahara: The Unification of Japan,2011,161,8.03,7.36,4810,40354,164949,12333,111799,206480,132018
161,123260,Suburbia,2012,162,7.51,7.35,22455,157354,155426,110327,132531,170042,164928
162,31627,Ticket to Ride: Nordic Countries,2007,163,7.64,7.35,12302,30549,225244,199561,256226,155426,822
163,256916,Concordia Venus,2018,164,8.35,7.35,3206,224517,220308,341169,177736,183394,167791
164,195421,Near and Far,2017,165,7.77,7.35,8288,197376,172818,221194,169426,248490,172287
165,223321,Detective: A Modern Crime Board Game,2018,166,7.82,7.35,8268,299255,300300,146508,293531,239188,302098
166,104006,Village,2011,167,7.52,7.34,21128,148949,171623,144344,136888,172386,102680
167,21050,Combat Commander: Europe,2006,168,7.95,7.34,5568,28181,14105,214234,144189,62222,251747
168,296151,Viscounts of the West Kingdom,2020,169,7.99,7.34,5330,266810,350316,247763,305096,301880,265402
169,126042,Nations,2013,170,7.63,7.34,11473,35677,72225,172386,42052,144344,63628
170,171131,Captain Sonar,2016,171,7.55,7.34,17328,156129,245655,178900,166384,150376,209778
171,239188,Chronicles of Crime,2018,172,7.74,7.34,16952,314040,161936,221107,328908,300300,302723
172,265188,Glen More II: Chronicles,2019,173,7.99,7.34,4971,247763,228341,311193,250458,304420,266810
173,91,Paths of Glory,1999,174,8.06,7.34,4680,833,11825,1822,41066,242722,276386
174,224037,Codenames: Duet,2017,175,7.54,7.33,16547,178900,161936,209778,254640,284083,198773
175,182631,Star Realms: Colony Wars,2015,176,7.85,7.33,6684,230253,147020,198994,175621,244115,463
176,283155,Calico,2020,177,7.78,7.33,8201,314491,295947,199561,287954,265736,260180
177,317985,Beyond the Sun,2020,178,8.01,7.33,4690,177736,342942,193738,220308,276025,231733
178,245638,Coimbra,2018,179,7.67,7.33,9639,250458,182874,203993,220877,234487,228341
179,308765,Praga Caput Regni,2020,180,8.11,7.33,4185,247763,229853,310873,343905,304420,238799
180,146508,T.I.M.E Stories,2015,181,7.5,7.32,25010,221107,161936,239188,314040,223321,2511
181,148228,Splendor,2014,182,7.44,7.32,64385,209685,230802,163412,54043,123540,204583
182,189932,Tyrants of the Underdark,2016,183,7.91,7.32,5840,170216,169786,54998,316554,127023,205896
183,188,Go,2200,184,7.64,7.32,15486,2397,2655,171,2346,1115,624
184,215,Tichu,1991,185,7.58,7.32,13847,118,291453,8129,11,12942,619
185,146886,La Granja,2014,186,7.66,7.32,9427,216132,73439,196340,126163,171623,144733
186,12,Ra,1999,187,7.48,7.31,19729,220,118,47,337765,56692,140934
187,822,Carcassonne,2000,188,7.42,7.31,108361,129622,13,68448,163412,148228,230802
188,9209,Ticket to Ride,2004,189,7.41,7.31,75879,133473,148228,30549,822,230802,218603
189,249259,War Chest,2018,190,7.95,7.3,5450,262712,173346,108745,158600,366013,170216
190,194655,Santorini,2016,191,7.44,7.3,31321,218603,215311,160477,230802,148228,163412
191,176189,Zombicide: Black Plague,2015,192,7.67,7.3,13657,224710,248065,197070,286751,315610,137988
192,129437,Legendary: A Marvel Deck Building Game,2012,193,7.56,7.3,20628,156689,210290,248158,125678,168584,146652
193,54998,Cyclades,2009,194,7.52,7.3,18804,127023,189932,103343,195539,205896,43111
194,109276,Kanban: Driver's Edition,2014,195,7.82,7.3,6163,35677,70149,172386,144733,126042,122515
195,242302,Space Base,2018,196,7.6,7.3,11024,246192,215311,233867,251412,184921,219513
196,188834,Secret Hitler,2016,197,7.55,7.29,20662,147949,131357,171131,198773,181304,277085
197,7854,YINSH,2003,198,7.7,7.29,7784,31999,528,197405,527,2346,217083
198,9216,Goa,2004,199,7.58,7.29,11075,55670,555,25554,66589,96913,18602
199,268864,Undaunted: Normandy,2019,200,7.85,7.29,6200,290359,258210,354570,260428,362944,115746
200,555,The Princes of Florence,2000,201,7.53,7.29,14765,9216,18602,25554,54,3076,5404
201,156129,Deception: Murder in Hong Kong,2014,202,7.49,7.28,17795,171131,262543,157969,166384,178900,131357
202,169426,Roll Player,2016,203,7.51,7.28,15511,328871,329465,221194,197376,195421,270844
203,192291,Sushi Go Party!,2016,204,7.45,7.28,25656,133473,194655,30549,178900,230802,218603
204,232832,Century: Golem Edition,2017,205,7.69,7.28,8321,192291,283619,312318,194655,266524,266192
205,155068,Arcadia Quest,2014,206,7.68,7.27,9563,181524,179803,257193,172047,192457,196202
206,209418,Dominion (Second Edition),2016,207,7.9,7.27,5549,316377,40834,271320,13,183394,36218
207,31481,Galaxy Trucker,2007,208,7.39,7.27,30891,36218,40692,68448,132531,31260,38453
208,158600,Hanamikoji,2013,209,7.53,7.27,12868,163412,230802,54043,173346,264241,262712
209,128621,Viticulture,2013,210,7.56,7.27,11134,102794,84876,167791,183394,68448,177736
210,20551,Shogun,2006,211,7.53,7.27,13118,25613,31260,3076,120677,18602,72125
211,27833,Steam,2009,212,7.58,7.27,9752,2651,43015,28720,31260,122515,18602
212,199478,Flamme Rouge,2016,213,7.53,7.26,13799,198928,260428,258210,274364,171668,31481
213,198994,Hero Realms,2016,214,7.58,7.26,13814,147020,163967,201808,244115,233371,191189
214,176494,Isle of Skye: From Chieftain to King,2015,215,7.42,7.26,21905,148949,157354,118048,156009,172308,230080
215,421,1830: Railways & Robber Barons,1986,216,7.87,7.26,4961,17405,23540,253608,3097,12750,66837
216,255984,Sleeping Gods,2021,217,8.5,7.26,2677,285192,291457,174430,281474,266507,162886
217,283355,Dune,2019,218,8.08,7.26,4677,233078,291572,237182,115746,246900,187645
218,19857,Glory to Rome,2005,219,7.49,7.25,13263,43015,2651,93,124361,28143,31260
219,27708,1960: The Making of the President,2007,220,7.62,7.25,8752,12333,177590,128996,79828,25021,62219
220,295947,Cascadia,2021,221,8.05,7.25,4181,244521,283155,260180,287954,199792,266524
221,118,Modern Art,1992,222,7.44,7.25,18045,220,12,223770,47,38863,112
222,140620,Lewis & Clark: The Expedition,2013,223,7.48,7.25,13856,126163,171623,216132,176494,104006,193738
223,324856,The Crew: Mission Deep Sea,2021,224,8.46,7.25,2561,284083,254640,225694,92415,266192,366013
224,228341,Pulsar 2849,2017,225,7.71,7.24,6875,247763,265188,250458,245638,311193,164928
225,306735,Under Falling Skies,2020,226,7.93,7.24,4644,296237,352697,43570,196526,318184,354934
226,127060,Bora Bora,2013,227,7.57,7.24,9384,102680,159508,172386,137408,144344,136888
227,3,Samurai,1998,228,7.46,7.24,15174,503,475,46,2955,42,5404
228,155873,Power Grid Deluxe: Europe/North America,2014,229,8.0,7.24,3958,2651,35677,120677,193738,31260,102794
229,241451,Aeon's End: Legacy,2019,230,8.16,7.24,3453,218417,191189,291457,255984,174430,180263
230,318977,MicroMacro: Crime City,2020,231,7.75,7.24,6172,338834,300531,364766,209778,314040,326494
231,108745,Seasons,2012,232,7.4,7.23,21953,262712,173346,132531,68448,84876,155987
232,24181,Imperial,2006,233,7.61,7.23,8390,1,26990,39351,35570,27833,12962
233,204583,Kingdomino,2016,234,7.35,7.23,36663,230802,70919,233867,148228,180974,163412
234,279537,The Search for Planet X,2020,235,8.15,7.23,3262,351040,246784,183394,284653,260180,316554
235,92828,Dixit: Odyssey,2011,236,7.44,7.23,17920,39856,9220,139030,205398,277085,14996
236,269207,The Taverns of Tiefenthal,2019,237,7.61,7.22,8530,244521,318553,295947,199792,220877,244522
237,271055,Dwellings of Eldervale,2020,238,8.31,7.22,3029,276182,227935,224783,379078,329551,397598
238,97207,Dungeon Petz,2011,239,7.45,7.22,13461,132531,162082,126163,102794,123260,84876
239,144344,Rococo,2013,240,7.59,7.22,7962,102680,127060,171623,104006,136888,206941
240,22545,Age of Empires III: The Age of Discovery,2007,241,7.53,7.21,9956,20551,33160,18602,25613,65781,39938
241,154203,Imperial Settlers,2014,242,7.38,7.21,22177,132531,201808,220520,161970,192458,169426
242,760,Battle Line,2000,243,7.41,7.21,16140,112,5,47,166669,93,34219
243,231733,Obsession,2018,244,8.32,7.21,2891,342942,286096,317985,312484,177736,236457
244,38453,Space Alert,2008,245,7.43,7.21,15140,31481,37111,45315,37046,72125,39463
245,181279,Fury of Dracula (Third/Fourth Edition),2015,246,7.49,7.2,12415,150376,232405,82222,340466,146021,205059
246,271896,Star Wars: Outer Rim,2019,247,7.7,7.2,7235,370913,374173,187645,269385,232405,285192
247,286096,Tapestry,2019,248,7.46,7.2,14083,236457,312484,342942,231733,183394,170042
248,232405,Western Legends,2018,249,7.63,7.2,7954,150376,169786,195539,192457,181279,170216
249,176734,The Manhattan Project: Energy Empire,2016,250,7.78,7.2,5154,234487,245638,250458,102680,228341,164928
250,66589,Navegador,2010,251,7.54,7.2,8388,9216,96913,18602,31594,73439,55670
251,235802,Too Many Bones: Undertow,2018,252,8.75,7.2,2071,347811,262211,192135,313889,338434,373167
252,222509,Lords of Hellas,2018,253,7.79,7.2,6117,205896,285967,167355,292375,192457,297562
253,193037,Dead of Winter: The Long Night,2016,254,7.62,7.19,8514,150376,205059,181279,340466,160499,146021
254,224783,Vindication,2018,255,7.83,7.19,5222,271055,276182,329551,218479,328866,265402
255,19777,Indonesia,2005,256,7.87,7.19,4172,13122,875,111341,350205,4098,421
256,93260,Summoner Wars: Master Set,2011,257,7.5,7.19,10554,58281,158889,101721,82421,13823,155624
257,206718,Ethnos,2017,258,7.48,7.19,10834,157354,34219,176920,140934,246684,172308
258,59294,Runewars,2010,259,7.63,7.19,7925,12493,22827,25292,43111,146439,175155
259,165722,KLASK,2014,260,7.64,7.19,6769,193042,244992,39856,178900,224037,46213
260,2655,Hive,2000,261,7.32,7.19,31605,160477,822,194655,129622,163412,70323
261,203420,Exit: The Game – The Abandoned Cabin,2016,262,7.5,7.19,9674,203416,203417,226518,226522,244918,215842
262,48726,Alien Frontiers,2010,263,7.4,7.19,14477,63628,27162,27746,110327,123260,97842
263,293014,Nidavellir,2020,264,7.71,7.18,5854,271324,262712,350184,233867,364073,184921
264,54138,Imperial 2030,2009,265,7.68,7.18,5983,43015,62219,30645,28720,166857,19857
265,13122,Antiquity,2004,266,7.88,7.18,4005,875,350205,111341,19777,552,175914
266,160477,Onitama,2014,267,7.39,7.18,17090,194655,218603,192291,2655,70323,230802
267,146439,BattleLore: Second Edition,2013,268,7.71,7.18,5890,25292,59294,127023,96848,115746,192457
268,139976,Cthulhu Wars,2015,269,7.9,7.18,4882,233078,297562,82222,220827,253499,175155
269,172081,Burgle Bros.,2015,270,7.51,7.17,9133,233867,245654,242302,215311,184921,70323
270,234,Hannibal: Rome vs. Carthage,1996,271,7.8,7.17,4830,26457,17392,3685,7480,12891,1513
271,187617,Nemo's War (Second Edition),2017,272,7.93,7.17,3976,175095,318184,352697,231581,306735,318182
272,246784,Cryptid,2018,273,7.5,7.17,9164,225694,279537,266830,284083,244521,351040
273,209685,Century: Spice Road,2017,274,7.35,7.17,20308,148228,54043,191862,163412,230802,219513
274,274637,"Unmatched: Battle of Legends, Volume One",2019,275,7.94,7.17,4360,294484,274638,335764,325635,340466,381297
275,46213,Telestrations,2009,276,7.4,7.16,14026,178900,244992,39856,67877,165722,262543
276,227789,Heaven & Ale,2017,277,7.57,7.16,7084,102680,203993,245638,171623,172386,182874
277,101721,Mage Wars Arena,2012,278,7.62,7.16,7542,172503,124742,96848,12493,58281,175621
278,40692,Small World,2009,279,7.25,7.15,64404,31481,68448,36218,15062,110327,30549
279,295486,My City,2020,280,7.82,7.15,4451,233867,230802,366013,163412,300877,364073
280,140934,Arboretum,2015,281,7.36,7.15,15014,221965,34219,206718,521,56692,296912
281,172818,Above and Below,2015,282,7.4,7.15,13846,197376,195421,221194,133848,110327,169426
282,136888,Bruges,2013,283,7.42,7.15,10678,127060,144344,104006,137408,171623,102680
283,54,Tikal,1999,284,7.33,7.15,18497,93,8217,25554,555,3076,88
284,143693,Glass Road,2013,285,7.45,7.15,9621,73439,159675,234277,124361,35677,102680
285,45315,Dungeon Lords,2009,286,7.38,7.15,13155,38453,31481,72125,37111,27162,31260
286,163967,Tiny Epic Galaxies,2015,287,7.36,7.15,17040,201921,169426,328871,260428,201808,233371
287,77130,Sid Meier's Civilization: The Board Game,2010,288,7.4,7.15,14826,103343,72125,37111,25292,12493,54998
288,181304,Mysterium,2015,289,7.28,7.15,35034,178900,209778,147949,273477,244992,171131
289,223040,Fantasy Realms,2017,290,7.54,7.15,7569,244608,198740,263918,284108,299169,300531
290,59959,Letters from Whitechapel,2011,291,7.38,7.14,14374,150376,171668,245655,232405,190082,199478
291,5,Acquire,1964,292,7.34,7.14,18690,2651,760,93,43015,47,42
292,129622,Love Letter,2012,293,7.23,7.14,59285,98778,70323,822,68448,148228,15512
293,25292,Merchants & Marauders,2010,294,7.4,7.14,13135,72125,40765,37111,105551,82222,127023
294,21241,Neuroshima Hex! 3.0,2006,295,7.4,7.14,13774,238393,157917,237211,281194,85325,277080
295,41114,The Resistance,2009,296,7.27,7.14,37278,166384,143741,157969,131357,150376,39463
296,2653,Survive: Escape from Atlantis!,1982,297,7.31,7.14,21999,39856,171668,143741,37904,28023,271319
297,37046,Ghost Stories,2008,298,7.31,7.14,19979,15062,113294,150376,31481,110327,34119
298,39856,Dixit,2008,299,7.24,7.13,54275,178900,244992,198773,147151,143741,98778
299,176920,Mission: Red Planet (Second Edition),2015,300,7.44,7.13,9548,206718,110327,177639,39463,172287,170216
300,163745,Star Wars: Armada,2015,301,7.84,7.13,4849,103885,233571,252328,164153,187645,193949
301,70919,Takenoko,2011,302,7.26,7.13,37856,204583,194594,194655,180974,148228,218603
302,257499,Arkham Horror (Third Edition),2018,303,7.76,7.13,6217,146021,205059,269385,232918,340466,253344
303,119890,Agricola: All Creatures Big and Small,2012,304,7.37,7.13,12727,148949,176494,36218,166669,123260,191977
304,219513,Bärenpark,2017,305,7.35,7.13,13835,246192,233867,184921,230802,209685,269144
305,302723,Forgotten Waters,2020,306,8.06,7.12,3222,245655,239188,285192,266507,255984,195421
306,182134,Evolution: Climate,2016,307,7.59,7.12,6647,110327,39463,150376,155426,31481,171131
307,234487,Altiplano,2017,308,7.52,7.12,7654,245638,220877,229220,164928,228341,250458
308,199042,Harry Potter: Hogwarts Battle,2016,309,7.43,7.12,13952,199792,224037,161936,301767,181304,370913
309,17392,Here I Stand,2006,310,7.91,7.12,3657,41066,26457,91,1822,7480,234
310,184921,Bunny Kingdom,2017,311,7.46,7.12,8923,246192,233867,219513,346703,242302,180974
311,172,For Sale,1997,312,7.23,7.11,25592,12942,50,15512,5782,54043,129622
312,192458,51st State: Master Set,2016,313,7.64,7.11,5641,154203,121921,233371,172287,189932,192457
313,8217,San Juan,2004,314,7.25,7.1,22693,3076,25554,54,18602,66362,37380
314,1,Die Macher,1986,315,7.61,7.1,5357,62219,24181,875,13122,28720,39351
315,25554,Notre Dame,2007,316,7.33,7.1,12556,31594,66362,55670,18602,66188,9216
316,260605,Camel Up (Second Edition),2018,317,7.65,7.1,5587,262543,192291,298638,156129,232832,198773
317,156546,Monikers,2015,318,7.8,7.1,4064,262543,245422,242529,156129,275467,175324
318,230253,Star Realms: Frontiers,2018,319,7.99,7.1,3277,182631,147020,198994,244115,274637,294484
319,39683,At the Gates of Loyang,2009,320,7.38,7.1,10219,143693,35677,144344,102680,171623,73439
320,24480,The Pillars of the Earth,2006,321,7.28,7.1,16775,25554,104006,66188,27162,54,148949
321,90137,Blood Bowl: Team Manager – The Card Game,2011,322,7.38,7.09,10630,37111,43111,25292,37046,72125,59294
322,33160,Endeavor,2009,323,7.4,7.09,9195,39938,18602,25554,65781,3076,555
323,250458,Gùgōng,2018,324,7.5,7.09,6992,245638,228341,247763,311193,304420,182874
324,50,Lost Cities,1999,325,7.19,7.09,39391,172,54043,15512,5782,12942,163412
325,188866,Awkward Guests,2016,326,7.69,7.09,4873,201808,279537,161970,199792,390092,365717
326,234277,Nusfjord,2017,327,7.65,7.09,4884,143693,242804,300322,124361,159675,73439
327,204305,Sherlock Holmes Consulting Detective: Jack the Ripper & West End Adventures,2016,328,7.71,7.09,4672,2511,161936,314040,239188,221107,223321
328,246192,Gizmos,2018,329,7.43,7.09,8629,219513,184921,242302,233867,251412,180974
329,9217,Saint Petersburg,2004,330,7.29,7.09,14991,21790,107529,34635,6249,3076,31594
330,186751,Mythic Battles: Pantheon,2017,331,8.43,7.09,2755,331398,160010,257518,222514,230791,247417
331,31594,In the Year of the Dragon,2007,332,7.33,7.08,11179,25554,18602,3076,55670,66362,66589
332,144592,Bruxelles 1893,2013,333,7.64,7.08,4973,172386,102680,160495,207691,154809,127060
333,300322,Hallertau,2020,334,8.08,7.08,2804,182874,159675,247763,229853,250458,310873
334,170771,Sword & Sorcery,2017,335,8.0,7.08,4069,262201,264220,159504,295785,299121,322708
335,21348,Ticket to Ride: Märklin,2006,336,7.41,7.08,8835,27162,90419,36218,8217,31627,15062
336,297030,Tekhenu: Obelisk of the Sun,2020,337,7.88,7.08,3610,306481,343905,298383,281442,316786,351913
337,265736,Tiny Towns,2019,338,7.32,7.08,12976,244521,199561,283155,274960,298069,260180
338,256226,Azul: Stained Glass of Sintra,2018,339,7.38,7.08,10176,287954,199561,265736,283155,270970,346965
339,40765,Clash of Cultures,2012,340,7.61,7.08,5341,105551,72125,25292,20551,126042,62219
340,63888,Innovation,2010,341,7.27,7.08,15757,28143,143519,172,19857,84876,128271
341,300531,Paleo,2020,342,7.84,7.08,3936,326494,318977,223040,316412,331265,336794
342,70323,King of Tokyo,2011,343,7.17,7.08,60926,129622,30549,215311,194655,68448,98778
343,227224,The Red Cathedral,2020,344,7.9,7.07,3634,348450,182874,323612,371942,220877,177478
344,36932,Claustrophobia,2009,345,7.51,7.07,6770,37046,90137,15363,25292,37111,73171
345,154809,Nippon,2015,346,7.68,7.07,4434,95527,207691,177678,160495,144733,144592
346,245934,Carpe Diem,2018,347,7.57,7.07,5645,193558,220877,245638,182874,300327,227515
347,236191,London (Second Edition),2017,348,7.59,7.07,5262,284818,233398,311193,73439,126163,124361
348,121,Dune,1979,349,7.61,7.07,5600,483,103,9609,71,72125,27708
349,244711,Newton,2018,350,7.61,7.07,5113,203993,308765,229853,182874,304420,245638
350,71,Civilization,1980,351,7.5,7.07,7197,240,483,1513,224,26,196
351,54625,Space Hulk (Third Edition),2009,352,7.53,7.07,6826,165838,712,212445,2163,90137,25261
352,166669,San Juan (Second Edition),2014,353,7.49,7.07,6317,119890,148949,124361,176494,172308,171623
353,195539,The Godfather: Corleone's Empire,2017,354,7.55,7.07,6313,54998,205896,127023,170216,232405,192457
354,243,Advanced Squad Leader,1985,355,8.0,7.06,3585,15126,20542,9823,271262,149620,298535
355,198773,Codenames: Pictures,2016,356,7.24,7.06,18541,178900,39856,244992,147949,224037,131357
356,260428,Pandemic: Fall of Rome,2018,357,7.69,7.06,4529,258210,198928,163967,268864,199478,328871
357,155987,Abyss,2014,358,7.33,7.06,11537,262712,293014,194594,108745,70919,173346
358,294484,Unmatched: Cobble & Fog,2020,359,8.25,7.06,2480,274638,274637,335764,325635,284777,354544
359,40354,Maria,2009,360,7.98,7.06,2964,25021,164949,12891,9625,111799,206480
360,124708,Mice and Mystics,2012,361,7.29,7.06,17568,100423,174430,37046,150376,205059,146021
361,244271,Dice Throne: Season Two – Battle Chest,2018,362,8.15,7.06,2827,291794,348406,216734,366310,329082,266507
362,194594,Dice Forge,2017,363,7.27,7.06,16872,70919,194655,218603,293014,123540,233867
363,128271,Ginkgopolis,2012,364,7.5,7.05,5857,73439,196340,84876,146886,216132,122515
364,161614,Stockpile,2015,365,7.52,7.05,5983,125618,84876,15512,172,242302,148228
365,15987,Arkham Horror,2005,366,7.25,7.05,37514,83330,100423,146021,37111,20963,124708
366,63628,The Manhattan Project,2012,367,7.35,7.05,9339,48726,126042,27162,123260,97207,110327
367,66188,Fresco,2010,368,7.28,7.05,12240,25554,104006,30869,27173,136888,24480
368,55670,Macao,2009,369,7.42,7.05,7099,9216,96913,25554,31594,66362,136888
369,215311,Downforce,2017,370,7.34,7.05,9571,194655,242302,70323,230802,209685,54043
370,270633,Aeon's End: The New Age,2019,371,8.67,7.04,1750,299317,218417,331212,241451,335212,352179
371,197376,Charterstone,2017,372,7.32,7.04,12709,172818,195421,221194,169426,201825,110327
372,111341,The Great Zimbabwe,2012,373,7.8,7.04,3438,552,350205,13122,228372,875,161882
373,229220,Santa Maria,2017,374,7.52,7.04,5734,245638,234487,256570,220877,250458,283863
374,138161,Firefly: The Game,2013,375,7.39,7.04,10933,159503,195571,163602,37111,100423,34119
375,269210,Twice as Clever!,2019,376,7.49,7.04,6116,244522,316546,269207,244521,295947,263918
376,47,Chinatown,1999,377,7.35,7.04,9065,12,112,220,118,34219,206718
377,215341,Thunderstone Quest,2018,378,7.87,7.04,3498,146652,207243,268504,169426,208024,159109
378,151347,Millennium Blades,2016,379,7.72,7.04,4246,220367,123123,144797,148319,267609,123607
379,100901,Flash Point: Fire Rescue,2011,380,7.19,7.04,21910,113294,171668,136063,150658,37904,169124
380,304420,Bonfire,2020,381,7.85,7.04,3371,308765,250458,247763,351913,343905,297030
381,15985,Blood Bowl: Living Rulebook,2004,382,7.85,7.03,3383,712,212445,54625,2163,318472,90137
382,79828,A Few Acres of Snow,2011,383,7.39,7.03,7593,177590,27708,69779,12333,20551,27833
383,128671,Spartacus: A Game of Blood and Treachery,2012,384,7.47,7.03,7599,103343,175155,295293,54998,340466,205716
384,274960,Point Salad,2019,385,7.28,7.03,11470,199561,265736,295947,266524,244521,254640
385,96913,Lancaster,2011,386,7.41,7.03,6890,55670,66589,136888,9216,25554,75449
386,34219,Biblios,2007,387,7.2,7.02,15819,206718,140934,56692,191300,12,172308
387,66362,Glen More,2010,388,7.31,7.02,8867,25554,31594,55670,27173,9216,58421
388,176396,Quadropolis,2016,389,7.27,7.02,11685,232043,157354,176494,244228,213893,204027
389,27162,Kingsburg,2007,390,7.19,7.02,18724,48726,27746,24480,63628,90419,15062
390,11170,Heroscape Master Set: Rise of the Valkyrie,2004,391,7.43,7.02,7918,27976,24703,54361,8107,167698,10093
391,192153,Pandemic: Reign of Cthulhu,2016,392,7.41,7.02,8609,100423,205059,293889,260428,163967,150376
392,105134,Risk Legacy,2011,393,7.41,7.02,7812,15062,150376,10547,30549,157969,39463
393,92415,Skull,2011,394,7.21,7.01,16412,11971,225694,284083,178900,98778,254640
394,270844,Imperial Settlers: Empires of the North,2019,395,7.56,7.01,5061,328871,169426,199792,329465,216600,221194
395,18833,Lord of the Rings: The Confrontation,2005,396,7.48,7.01,5816,112,760,220,3201,47,244114
396,251658,Sprawlopolis,2018,397,7.45,7.01,6248,314088,257614,303553,213266,309110,331328
397,150658,Pandemic: The Cure,2014,398,7.29,7.01,9803,100901,198928,171273,141572,113294,169426
398,25417,BattleLore,2006,399,7.36,7.01,9142,9609,6472,18,20963,10630,12493
399,137408,Amerigo,2013,400,7.46,7.01,5703,193558,127060,136888,143515,245934,102680
400,62222,Commands & Colors: Napoleonics,2010,401,8.01,7.01,2814,14105,259066,37836,21050,209003,227460
401,372,Schotten Totten,1999,402,7.32,7.0,8613,217372,21763,300930,1353,247367,72287
402,5404,Amun-Re,2003,403,7.31,7.0,8708,1345,1041,3,555,2955,9216
403,150,PitchCar,1995,404,7.27,7.0,10011,8203,31481,521,113294,16747,193042
404,157969,Sheriff of Nottingham,2014,405,7.12,7.0,31367,143741,156129,155362,166384,147949,160499
405,146791,Shadows of Brimstone: City of the Ancients,2014,406,7.97,7.0,3569,150997,212346,322985,273655,322984,273654
406,128996,1775: Rebellion,2013,407,7.67,7.0,3867,94246,177590,27708,204516,79828,12333
407,17226,Descent: Journeys in the Dark,2005,408,7.3,7.0,11438,71061,15987,12493,20963,59294,42776
408,712,Blood Bowl (Third Edition),1994,409,7.54,7.0,5372,15985,212445,2163,54625,2288,1568
409,285967,Ankh: Gods of Egypt,2021,410,7.97,7.0,3166,205896,297562,170216,246900,167355,169786
410,83330,Mansions of Madness,2011,411,7.29,6.99,13037,15987,37111,20963,100423,205059,12493
411,194607,Mystic Vale,2016,412,7.29,6.99,9821,132531,169426,197376,110327,172818,201825
412,262543,Wavelength,2019,413,7.45,6.99,6177,156129,135779,275467,11971,178900,92415
413,136063,Forbidden Desert,2013,414,7.12,6.99,27115,65244,16992,30549,157969,100901,232043
414,177639,Raptor,2015,415,7.31,6.99,8568,176920,171668,28023,150312,171273,193042
415,328871,Terraforming Mars: Ares Expedition,2021,416,7.69,6.99,3801,329465,199792,183394,312484,169426,365717
416,245655,The King's Dilemma,2019,417,7.92,6.99,2973,171131,161936,237182,150376,242639,162886
417,123123,BattleCON: Devastation of Indines,2013,418,7.9,6.98,3036,89409,151347,162388,131111,220367,167400
418,62227,"Labyrinth: The War on Terror, 2001 – ?",2010,419,7.59,6.98,4507,144189,127518,132018,180199,111799,163154
419,298047,Marvel United,2020,420,7.69,6.98,4160,336382,348406,282524,370913,374173,381297
420,95527,Madeira,2013,421,7.6,6.98,4105,154809,207691,70149,160495,172386,42052
421,233312,Stuffed Fables,2018,422,7.53,6.98,5351,199042,124708,302723,285192,269385,291457
422,162082,Deus,2014,423,7.31,6.98,7784,118048,84876,97207,34635,170624,171623
423,158899,Colt Express,2014,424,7.11,6.98,26739,173346,147151,21763,70919,129622,175117
424,98778,Hanabi,2010,425,7.07,6.98,41408,129622,284083,178900,244992,70323,15512
425,226522,Exit: The Game – Dead Man on the Orient Express,2017,426,7.67,6.98,3679,244918,215841,203416,226520,226518,215842
426,144189,Fire in the Lake,2014,427,8.08,6.97,2406,127518,242520,180199,165872,62227,132018
427,256730,Pipeline,2019,428,7.69,6.97,3643,122515,28720,175914,214880,161533,124361
428,478,Citadels,2000,429,7.08,6.97,50098,40692,205398,68448,158899,3955,194879
429,13,Catan,1995,430,7.14,6.97,107614,822,30549,36218,68448,14996,178900
430,65781,London,2010,431,7.35,6.97,6359,35570,9216,18602,33160,555,39938
431,15062,Shadows over Camelot,2005,432,7.11,6.97,26048,40692,37046,110327,31481,27162,105134
432,20437,Lords of Vegas,2010,433,7.34,6.97,6855,34219,206718,39463,47,521,110327
433,105551,Archipelago,2012,434,7.33,6.97,7630,72125,40765,126042,25292,62219,174785
434,43570,Friday,2011,435,7.14,6.97,17860,156336,216459,196526,306735,352697,200077
435,171,Chess,1475,436,7.15,6.97,30696,1115,2397,2083,2452,320,2389
436,127398,Legends of Andor,2012,437,7.18,6.97,16208,300531,326494,223040,318977,124708,244608
437,156858,Black Orchestra,2016,438,7.52,6.96,4916,260428,232405,231581,268864,188920,290359
438,119506,Freedom: The Underground Railroad,2012,439,7.58,6.96,4037,72321,231581,110327,171668,260428,25292
439,206941,First Class: All Aboard the Orient Express!,2016,440,7.45,6.96,5145,245934,144344,193558,171623,136888,227789
440,193042,Junk Art,2016,441,7.41,6.96,6015,156129,171131,521,262543,266830,166384
441,191862,Imhotep,2016,442,7.18,6.96,13007,54043,209685,118048,163412,148228,34635
442,240196,Betrayal Legacy,2018,443,7.77,6.96,3740,10547,228660,175324,150376,181304,159503
443,97786,Small World Underground,2011,444,7.26,6.96,10128,40692,160499,478,201808,124708,150376
444,133848,Euphoria: Build a Better Dystopia,2013,445,7.24,6.96,9855,221194,110327,172818,197376,195421,230244
445,221965,The Fox in the Forest,2017,446,7.21,6.96,10771,288169,140934,324856,521,284083,92415
446,246684,Smartphone Inc.,2018,447,7.7,6.96,3448,318084,301255,157354,317985,228341,87890
447,171668,The Grizzled,2015,448,7.18,6.96,12998,150312,150376,177639,100901,143741,110327
448,36553,Time's Up! Title Recall!,2008,449,7.71,6.96,3250,20100,33604,156129,166384,245422,275467
449,102652,Sentinels of the Multiverse,2011,450,7.2,6.96,15168,159109,37046,34119,69789,155624,105134
450,875,Roads & Boats,1999,451,7.73,6.96,3159,13122,111341,19777,26990,4098,552
451,205398,Citadels,2016,452,7.3,6.95,9186,316377,198773,14996,173346,225694,128882
452,144797,Argent: The Consortium,2015,453,7.68,6.95,3464,155821,189932,151347,82222,307305,127023
453,202426,Sidereal Confluence,2017,454,7.83,6.95,2941,291572,256960,316624,295905,155821,237182
454,147949,One Night Ultimate Werewolf,2014,455,7.12,6.95,23043,131357,181304,157969,198773,178900,188834
455,125618,Libertalia,2012,456,7.15,6.95,12923,70323,161614,132531,68448,215311,143519
456,58421,Egizia,2009,457,7.41,6.95,5225,66362,25554,31594,18602,27173,9216
457,21790,Thurn and Taxis,2006,458,7.1,6.95,18676,9217,6249,107529,27588,34635,42215
458,180974,Potion Explosion,2015,459,7.15,6.94,15191,204583,184921,123540,246192,233867,70919
459,264241,Mandala,2019,460,7.66,6.94,3488,54043,118048,230802,219513,158600,295486
460,9674,Ingenious,2004,461,7.12,6.94,16033,8203,88,54,13004,199,21882
461,90419,Airlines Europe,2011,462,7.3,6.94,6999,27746,13004,27162,25554,30869,121408
462,142379,Escape Plan,2019,463,7.58,6.94,4039,125153,184267,284378,163068,161533,224517
463,31999,TZAAR,2007,464,7.66,6.94,3371,7854,217083,528,527,2346,19764
464,232414,Oceans,2020,465,7.62,6.94,4045,296912,356033,162886,237182,182134,169786
465,163968,Elysium,2015,466,7.22,6.94,8891,157526,97842,213893,176396,176494,157354
466,232043,Queendomino,2017,467,7.24,6.94,8949,176396,199561,256226,28023,157354,171273
467,245654,Railroad Ink: Deep Blue Edition,2018,468,7.25,6.94,8773,233867,219513,230802,241724,204583,246192
468,11,Bohnanza,1997,469,7.04,6.94,39992,98778,153938,36218,129622,284083,172
469,12942,No Thanks!,2004,470,7.06,6.93,21827,172,50,15512,5782,92415,54043
470,262215,Blackout: Hong Kong,2018,471,7.48,6.93,4504,229853,247763,304420,250458,276025,244711
471,42052,Vinhos,2010,472,7.48,6.93,4582,55600,70149,41002,172386,126042,144592
472,34119,Tales of the Arabian Nights,2009,473,7.19,6.93,11961,37046,15062,150376,37111,110327,100423
473,150145,Skull King,2013,474,7.44,6.93,5194,284083,375651,244992,324856,345972,266830
474,18,RoboRally,1994,475,7.08,6.93,22873,15062,31481,40692,38453,36218,8217
475,27173,Vikings,2007,476,7.25,6.93,8063,25554,40628,66362,55670,66188,22345
476,269144,Hadara,2019,477,7.47,6.93,4720,184921,271324,219513,293014,246192,245643
477,156009,Port Royal,2014,478,7.14,6.93,14267,148949,176494,230080,42215,118048,153938
478,17405,1846: The Race for the Midwest,2005,479,7.95,6.93,2345,253608,421,23540,66837,12750,3097
479,133473,Sushi Go!,2013,480,7.04,6.93,37807,192291,9209,30549,148228,194655,70323
480,181530,Runebound (Third Edition),2015,481,7.49,6.93,5344,146021,254591,232918,269385,124708,135219
481,97842,Last Will,2011,482,7.19,6.93,9393,157354,155426,148949,123260,164928,176396
482,192836,The Colonists,2016,483,7.61,6.93,3694,126042,70149,217780,172386,269511,159675
483,133038,Pathfinder Adventure Card Game: Rise of the Runelords – Base Set,2013,484,7.2,6.93,12250,151007,181521,169416,100423,94362,135382
484,285192,Destinies,2021,485,8.03,6.92,2980,255984,266507,291457,302723,281474,269385
485,31730,Chicago Express,2007,486,7.24,6.92,7672,552,26990,297486,111341,4098,875
486,475,Taj Mahal,2000,487,7.28,6.92,7250,503,3,46,8125,266164,481
487,128780,Pax Porfiriana,2012,488,7.68,6.92,3239,198953,257732,332686,206490,155255,211716
488,218603,Photosynthesis,2017,489,7.09,6.92,18747,194655,123540,230802,70919,155703,194594
489,291572,Oath: Chronicles of Empire and Exile,2021,490,8.02,6.92,2705,237182,283355,316624,202426,233078,246900
490,22827,StarCraft: The Board Game,2007,491,7.34,6.92,7163,59294,12493,77130,43111,37111,9609
491,183251,Karuba,2015,492,7.2,6.92,9402,244228,217449,270673,258444,176396,204027
492,91312,Discworld: Ankh-Morpork,2011,493,7.24,6.92,9581,54998,249746,103343,161970,43111,52461
493,6249,Alhambra,2003,494,7.03,6.92,30095,34635,107529,191862,21790,27588,822
494,27746,Colosseum,2007,495,7.22,6.92,8590,27162,90419,48726,97842,22141,140603
495,151022,Baseball Highlights: 2045,2015,496,7.54,6.92,3948,141572,150658,169426,157809,258210,302524
496,141572,Paperback,2014,497,7.18,6.92,9519,171273,168435,150658,221965,155426,521
497,183562,Star Wars: X-Wing Miniatures Game – The Force Awakens Core Set,2015,498,7.8,6.91,2919,103885,252328,163745,164153,205359,234931
498,15363,Nexus Ops,2005,499,7.22,6.91,8583,15062,72125,37111,39463,37046,48726
499,196326,Love Letter Premium,2016,500,7.46,6.91,4804,178900,198773,224037,198740,158899,209778
500,3685,Hammer of the Scots,2002,501,7.55,6.91,3933,37836,17396,14105,8481,130960,25277
501,262211,Cloudspire,2019,502,8.27,6.91,2057,322656,192135,313889,338434,251661,325494
502,212445,Blood Bowl (2016 Edition),2016,503,8.05,6.91,2374,318472,712,54625,165838,224597,15985
503,159508,AquaSphere,2014,504,7.27,6.91,6774,102680,127060,172386,227789,245638,244049
504,84419,Space Empires: 4X,2011,505,7.71,6.91,3266,214029,12333,145976,62227,111799,25021
505,2346,DVONN,2001,506,7.45,6.9,4610,31999,7854,528,188,527,681
506,39351,Automobile,2009,507,7.33,6.9,5495,28720,24181,35570,66589,1,43015
507,155703,Evolution,2014,508,7.11,6.9,14504,123540,218603,70323,148228,68448,194655
508,153938,Camel Up,2014,509,7.04,6.9,23941,11,156009,129622,98778,822,36218
509,257501,KeyForge: Call of the Archons,2018,510,7.22,6.9,10080,463,272453,147020,124742,175621,58281
510,160010,Conan,2016,511,7.69,6.9,4136,186751,257518,222514,137649,42776,247417
511,6472,A Game of Thrones,2003,512,7.2,6.9,10259,9609,22545,77130,20963,18,3307
512,39938,Carson City,2009,513,7.24,6.9,6885,18602,126042,33160,63628,140603,127060
513,140603,Francis Drake,2013,514,7.41,6.9,4711,127060,96913,137408,136888,144344,63628
514,169255,A Game of Thrones: The Card Game (Second Edition),2015,515,7.55,6.89,4436,184151,39953,124742,156776,463,103343
515,9625,Struggle of Empires,2004,516,7.52,6.89,3948,40354,12333,12891,25021,27708,8045
516,172308,Broom Service,2015,517,7.18,6.89,8701,148949,176494,206718,157354,124361,118048
517,42776,Gears of War: The Board Game,2011,518,7.47,6.89,4815,71721,181521,59294,59946,146652,96848
518,256952,Zombie Kidz Evolution,2018,519,7.82,6.89,2832,340288,300010,4209,344254,218208,172931
519,205359,Star Wars: Destiny,2016,520,7.5,6.89,4839,257501,103886,271896,374173,146652,370913
520,42215,Tobago,2009,521,7.11,6.89,11111,34635,148949,191862,176494,6249,156009
521,503,Through the Desert,1998,522,7.08,6.89,13079,3,475,46,2955,42,5404
522,4390,Carcassonne: Hunters and Gatherers,2002,523,7.13,6.89,11715,6249,822,107529,34635,394,432
523,113924,Zombicide,2012,524,7.14,6.88,17250,137988,176189,150376,286751,160499,192153
524,28023,Jamaica,2007,525,7.06,6.88,17063,232043,177639,157354,176396,176920,150312
525,175095,Dawn of the Zeds (Third Edition),2016,526,8.19,6.88,1931,187617,296237,233208,188920,248562,134253
526,117959,Las Vegas,2012,527,7.13,6.88,9809,98778,11,137297,8203,148949,5782
527,143519,Quantum,2013,528,7.27,6.88,6853,63888,125618,28143,132531,146278,161614
528,311193,Anno 1800,2020,529,7.87,6.88,2468,247763,250458,265188,228341,177478,300322
529,170561,Valeria: Card Kingdoms,2016,530,7.45,6.88,4501,169426,240855,329465,285036,217861,242684
530,252328,Star Wars: X-Wing (Second Edition),2018,531,8.23,6.88,2088,103885,183562,163745,233571,164153,205359
531,73171,Earth Reborn,2010,532,7.65,6.87,3289,12493,59294,39339,36932,31563,104363
532,119432,Snowdonia,2012,533,7.36,6.87,4705,39683,163805,171879,55600,66589,144344
533,174785,Mare Nostrum: Empires,2016,534,7.56,6.87,3661,105551,40765,72125,25292,152470,175155
534,30869,Thebes,2007,535,7.13,6.87,9349,40628,13004,66188,25554,27173,54
535,131357,Coup,2012,536,7.0,6.87,38595,147949,156129,178900,92415,198773,157969
536,1513,The Republic of Rome,1990,537,7.54,6.87,3994,17392,234,71,240,26,41066
537,169427,Middara: Unintentional Malum – Act 1,2019,538,8.84,6.86,1573,242705,251661,281526,295785,55690,322524
538,270673,Silver & Gold,2019,539,7.31,6.86,5256,265736,325698,270314,274960,63975,199561
539,220,High Society,1995,540,7.1,6.86,10101,12,118,56692,244331,46,47
540,319966,The King Is Dead: Second Edition,2020,541,7.84,6.86,2490,274364,337765,247367,237182,286749,338957
541,301880,Raiders of Scythia,2020,542,7.93,6.86,2328,296151,328871,266810,350316,316554,329465
542,209778,Magic Maze,2017,543,7.02,6.86,17183,244992,147151,178900,181304,171131,224037
543,216734,Dice Throne: Season One,2018,544,7.6,6.86,4319,209010,266507,201808,172287,169426,329082
544,121408,Trains,2012,545,7.15,6.86,7913,157809,27162,48726,148949,90419,123260
545,265402,In the Hall of the Mountain King,2019,546,7.78,6.86,2825,305096,264052,296151,301255,266810,264982
546,163166,One Night Ultimate Werewolf: Daybreak,2015,547,7.35,6.85,5180,147949,131357,180956,155362,198773,188834
547,24508,Taluva,2006,548,7.16,6.85,8066,9217,31594,93,18602,137269,22345
548,58281,Summoner Wars,2009,549,7.25,6.85,6321,93260,37046,31481,39463,96848,41114
549,1353,Time's Up!,1999,550,7.29,6.85,5270,147151,40692,21763,178900,45,209778
550,10547,Betrayal at House on the Hill,2004,551,7.06,6.85,39505,240196,228660,147949,16992,124172,131357
551,130960,Triumph & Tragedy: European Balance of Power 1936-1945,2015,552,8.16,6.85,1880,132018,206480,242722,300323,164949,253506
552,37904,Formula D,2008,553,7.02,6.85,17809,100901,40692,15062,30549,110327,31481
553,198953,Pax Renaissance,2016,554,8.03,6.85,2035,128780,332686,155255,211716,257732,165401
554,150997,Shadows of Brimstone: Swamps of Death,2014,555,8.05,6.84,2269,146791,212346,322985,273655,273654,322984
555,180511,Shakespeare,2015,556,7.43,6.84,3991,230933,163968,137408,97842,193558,176734
556,135219,The Battle of Five Armies,2014,557,7.87,6.84,2380,115746,175155,103343,187645,146439,268864
557,284435,Nova Luna,2019,558,7.41,6.84,4337,309105,353152,219513,184921,346703,347013
558,193949,Star Trek: Ascendancy,2016,559,7.81,6.84,2828,187645,220792,25292,79127,175155,341165
559,111799,Cuba Libre,2013,560,7.69,6.84,2730,91080,62227,164949,25021,163154,132018
560,121288,Dixit: Journey,2012,561,7.41,6.84,4332,157969,178900,147949,33604,46213,136063
561,50750,Belfort,2011,562,7.23,6.84,6079,48726,63628,27162,144344,117915,24480
562,46,Medici,1995,563,7.16,6.84,7431,503,475,3,35503,220,2955
563,3201,Lord of the Rings: The Confrontation,2002,564,7.2,6.84,6645,112,3,503,18833,105,475
564,116998,Thunderstone Advance: Towers of Ruin,2012,565,7.36,6.84,4634,142961,152765,53953,215341,69789,98351
565,247367,"Air, Land & Sea",2018,566,7.54,6.84,3293,358981,338957,258210,274364,140934,296912
566,269511,Cooper Island,2019,567,7.67,6.83,2766,281442,343905,297030,306481,280480,308765
567,224710,Zombicide: Green Horde,2018,568,7.76,6.83,3288,176189,248065,251723,197070,331224,286751
568,21763,Mr. Jack,2006,569,7.0,6.83,16051,158899,70919,72287,155987,173346,276042
569,258210,Blitzkrieg!: World War Two in 20 Minutes,2019,570,7.69,6.83,2702,274364,260428,338957,268864,247367,177639
570,134726,Smash Up: Awesome Level 9000,2013,571,7.25,6.83,6664,151004,168917,160018,143185,177802,198487
571,5782,Coloretto,2003,572,6.97,6.83,18753,50,172,12942,15512,54043,8203
572,13004,The Downfall of Pompeii,2004,573,7.14,6.83,7713,30869,90419,25554,8217,37380,34219
573,264055,Draftosaurus,2019,574,7.16,6.83,7559,180974,204583,70919,346703,233867,302260
574,70512,Luna,2010,575,7.31,6.83,4687,127060,102680,137408,193558,159508,227789
575,277085,Love Letter,2019,576,7.61,6.83,3228,244992,188834,39856,260605,198773,316377
576,107529,Kingdom Builder,2011,577,6.96,6.83,20795,6249,34635,191862,50,230802,68448
577,203416,Exit: The Game – The Pharaoh's Tomb,2016,578,7.21,6.83,5769,203417,215842,226522,226518,203420,215841
578,30380,Cuba,2007,579,7.14,6.82,8016,24480,43528,41002,9216,96913,25554
579,65532,Defenders of the Realm,2010,580,7.3,6.82,5279,98351,100423,159109,146652,34119,37046
580,88,Torres,1999,581,7.11,6.82,9009,54,22345,9674,8051,40628,199
581,126792,Myrmes,2012,582,7.27,6.82,5204,137269,104006,33160,144592,140620,25554
582,113294,Escape: The Curse of the Temple,2012,583,6.99,6.82,15938,37046,100901,169124,171668,31481,150658
583,155624,Specter Ops,2015,584,7.22,6.82,5886,150376,39463,176920,110327,202408,209010
584,20963,Fury of Dracula (Second Edition),2005,585,7.12,6.82,9061,90137,15987,37111,12493,36932,83330
585,160495,ZhanGuo,2014,586,7.58,6.82,2984,207691,144592,154809,95527,177678,280480
586,171499,Cacao,2015,587,7.1,6.82,9126,245643,269144,219513,284435,163412,54043
587,100423,Elder Sign,2011,588,6.98,6.82,23079,37046,192153,146652,124708,146021,150376
588,173064,Leaving Earth,2015,589,7.77,6.82,2542,214029,12333,98918,171662,235555,62219
589,181521,Warhammer Quest: The Adventure Card Game,2015,590,7.35,6.82,5093,71721,254591,59946,42776,91872,100423
590,258036,Between Two Castles of Mad King Ludwig,2018,591,7.31,6.81,4705,265736,244521,199561,298069,260180,266192
591,123540,Tokaido,2012,592,6.97,6.81,22117,148228,218603,204583,180974,184921,246192
592,213893,Yamataï,2017,593,7.22,6.81,5829,176396,163968,157354,230933,191231,271088
593,699,HeroQuest,1989,594,7.15,6.81,11540,22192,700,66356,1568,59946,157958
594,162007,Steampunk Rally,2015,595,7.21,6.81,6106,162286,154203,110327,221194,172287,201825
595,274638,Unmatched: Robin Hood vs. Bigfoot,2019,596,8.14,6.81,1848,325635,294484,335764,354544,274637,284778
596,3307,Wallenstein,2002,597,7.46,6.81,3539,19600,1345,124,554,60,13642
597,154825,Arkwright,2014,598,7.84,6.81,2142,146910,13122,166571,214880,875,350205
598,290236,Canvas,2021,599,7.53,6.8,3494,281259,300877,233867,331401,266524,253759
599,432,6 nimmt!,1994,600,6.93,6.8,22833,15512,266083,98778,41,230802,129622
600,170624,Crusaders: Thy Will Be Done,2018,601,7.54,6.8,3017,286096,236457,196340,162082,128271,84876
601,298069,Cubitos,2021,602,7.63,6.8,2888,295374,356033,244521,260180,265736,295947
602,15364,Vegas Showdown,2005,603,7.17,6.8,6149,90419,37380,13004,27746,27162,48726
603,146278,Tash-Kalar: Arena of Legends,2013,604,7.18,6.8,6431,28143,143519,97207,132531,255692,108745
604,314491,Meadow,2021,605,7.89,6.8,2228,283155,284742,334065,265736,295947,199561
605,9823,Advanced Squad Leader: Starter Kit #1,2004,606,7.83,6.8,2453,15126,20542,243,271262,149620,298535
606,72321,The Networks,2016,607,7.21,6.8,5681,221194,145659,168435,133848,155426,97842
607,168584,Love Letter: Batman,2015,608,7.27,6.8,5210,160499,150376,155624,157969,110327,15062
608,193558,The Oracle of Delphi,2016,609,7.29,6.8,4489,245934,137408,245638,102680,206941,136888
609,163839,Feudum,2017,610,7.66,6.8,3050,142379,125153,184267,161533,163068,321608
610,29603,D-Day at Omaha Beach,2009,611,8.29,6.8,1640,113873,40209,67600,219101,22877,191612
611,165401,Wir sind das Volk!,2014,612,7.84,6.8,2153,25021,198953,128780,40354,303551,235555
612,143741,BANG! The Dice Game,2013,613,6.94,6.8,21045,157969,150312,166384,155362,160499,41114
613,153016,Telestrations: 12 Player Party Pack,2011,614,7.76,6.8,2379,147949,33604,142271,262543,46213,20100
614,266121,Unlock!: Heroic Adventures,2018,615,7.72,6.8,2409,279613,294612,228867,254226,239307,302425
615,242574,Century: Eastern Wonders,2018,616,7.19,6.8,6151,270970,176396,183840,256226,157354,232043
616,87890,Prêt-à-Porter,2010,617,7.38,6.79,3883,234487,246684,262215,250458,228341,230244
617,232219,Dragon Castle,2017,618,7.17,6.79,6382,199561,244228,274960,54043,158600,191862
618,296912,Fort,2020,619,7.28,6.79,4849,298069,356033,318084,295374,359402,329465
619,248490,Atlantis Rising (Second Edition),2019,620,7.77,6.79,2371,169426,195421,283393,221194,329465,197376
620,2955,Mexica,2002,621,7.23,6.79,5273,3,503,46,5404,21882,93
621,73761,K2,2010,622,7.04,6.79,9564,34635,68448,42215,108745,84876,140620
622,68425,Eminent Domain,2011,623,7.02,6.79,9853,132531,125618,110277,97207,110327,28143
623,179803,Arcadia Quest: Inferno,2017,624,7.97,6.79,2092,155068,181524,257193,172047,196202,136000
624,156336,Onirim (Second Edition),2014,625,7.07,6.79,8810,43570,216459,196526,306735,200077,71836
625,226320,My Little Scythe,2017,626,7.33,6.79,4416,318546,218333,269603,177524,252929,375852
626,586,Up Front,1983,627,7.87,6.79,2179,1608,1032,235,1035,244,237
627,167400,Ashes Reborn: Rise of the Phoenixborn,2015,628,7.3,6.79,5406,332800,228133,175621,181819,151347,123123
628,303057,Pan Am,2020,629,7.65,6.79,2715,246684,318084,227224,157354,183394,274364
629,22345,Yspahan,2006,630,7.08,6.79,7845,40628,27173,66362,88,30869,54
630,132018,Churchill,2015,631,7.67,6.78,2539,253506,206480,164949,144189,62227,91080
631,55600,Shipyard,2009,632,7.35,6.78,3820,127060,42052,131287,144592,207691,172386
632,173442,Empires: Age of Discovery,2015,633,7.87,6.78,2008,126042,105551,233398,40765,62219,54138
633,31563,Middle-Earth Quest,2009,634,7.38,6.78,4022,59294,22038,9609,25292,42776,12493
634,214880,City of the Big Shoulders,2019,635,7.85,6.78,2097,175914,256730,13122,146910,28720,256960
635,69789,Ascension: Deckbuilding Game,2010,636,7.03,6.78,12264,194607,110327,132531,36218,13823,147020
636,7717,Carcassonne: The Castle,2003,637,7.1,6.78,7753,21882,9674,3,503,2955,119
637,36235,The Duke,2013,638,7.37,6.78,3884,177639,7854,39463,2655,160477,171668
638,2163,Space Hulk,1989,639,7.47,6.78,3699,712,63091,15985,4001,2288,1568
639,242639,Treasure Island,2018,640,7.3,6.78,4568,171131,245655,209778,246784,302723,181304
640,168435,Between Two Cities,2015,641,7.02,6.78,9977,155426,191862,217449,141572,176396,215311
641,192457,Cry Havoc,2016,642,7.18,6.78,6199,202408,176920,127023,205896,172287,170216
642,190082,Whitehall Mystery,2017,643,7.58,6.78,2812,59959,129736,199478,247367,156129,171131
643,2398,Cribbage,1630,644,7.07,6.78,8747,6901,2397,2243,6887,9209,2389
644,270970,Century: A New World,2019,645,7.43,6.78,3530,242574,256226,287954,199561,176396,232043
645,245961,Fleet: The Dice Game,2018,646,7.74,6.78,2236,216600,318009,328871,169426,329465,350933
646,137988,Zombicide Season 2: Prison Outbreak,2013,647,7.38,6.77,4407,161866,113924,176189,224710,248065,286751
647,297562,Kemet: Blood and Sand,2021,648,8.23,6.77,1592,205896,285967,246900,170216,233078,169786
648,143515,Coal Baron,2013,649,7.28,6.77,4451,137408,245934,193558,227789,102680,245638
649,256382,Disney Villainous,2018,650,7.05,6.77,12824,284760,271518,199042,181304,302336,301767
650,71721,Space Hulk: Death Angel – The Card Game,2010,651,7.0,6.77,12559,100423,181521,146652,96848,90137,36932
651,483,Diplomacy,1959,652,7.04,6.77,12429,224,121,71,242,98,221
652,244228,Reef,2018,653,7.07,6.77,7638,199561,256226,265736,232219,176396,183251
653,233247,Civilization: A New Dawn,2017,654,7.29,6.77,5022,169786,316554,187645,189932,170216,246900
654,220520,Caverna: Cave vs Cave,2017,655,7.17,6.77,5587,183840,176494,241831,204027,229220,220877
655,43528,World Without End,2009,656,7.25,6.77,4749,24480,30380,66188,104006,27173,25554
656,316377,7 Wonders (Second Edition),2020,657,8.1,6.77,1936,205398,271320,336794,173346,201808,14996
657,183840,Oh My Goods!,2015,658,7.0,6.77,10391,220520,242574,241831,191977,157354,229220
658,201825,Ex Libris,2017,659,7.19,6.77,5534,221194,169426,329465,197376,199561,279254
659,241724,Villagers,2019,660,7.27,6.77,5118,218121,246192,245654,233867,279720,236248
660,135779,A Fake Artist Goes to New York,2012,661,7.17,6.76,5597,11971,262543,169654,92415,225694,156129
661,47185,Warhammer: Invasion,2009,662,7.23,6.76,5775,156776,90137,224597,146418,43111,128442
662,244115,Shards of Infinity,2018,663,7.54,6.76,3045,176165,329082,147020,262712,217861,274637
663,239942,Black Rose Wars,2019,664,8.09,6.76,2121,222509,342444,167355,281549,292375,285967
664,156943,Saint Petersburg (Second Edition),2014,665,7.49,6.76,3013,171623,73439,203993,102680,146886,148949
665,79127,Star Trek: Fleet Captains,2011,666,7.5,6.76,3194,182340,193949,25292,104363,37111,12493
666,304783,Hadrian's Wall,2021,667,8.11,6.76,1646,350184,271324,286096,231733,281259,312484
667,20100,Wits & Wagers,2005,668,6.93,6.76,13868,33604,36553,157969,30549,136063,123239
668,249381,The Estates,2018,669,7.48,6.76,2966,174837,161882,228372,552,297486,337765
669,200147,Kanagawa,2016,670,7.08,6.76,7635,271088,242574,232219,274841,232043,207336
670,26997,1989: Dawn of Freedom,2012,671,7.79,6.76,2109,132018,62227,130960,164949,253506,25021
671,162286,Super Motherload,2015,672,7.38,6.76,3544,162007,223855,163968,201825,221194,97842
672,231581,AuZtralia,2018,673,7.39,6.76,3591,230244,210296,233247,283387,318184,316554
673,158889,Summoner Wars: Alliances Master Set,2014,674,8.09,6.76,1699,93260,82420,82421,332800,58281,167400
674,255692,New Frontiers,2018,675,7.52,6.76,2773,132531,28143,317985,84876,102794,216132
675,160499,King of New York,2014,676,6.94,6.76,14896,143741,150312,150376,157969,40692,110327
676,203417,Exit: The Game – The Secret Lab,2016,677,7.11,6.76,6111,203416,215842,226518,215841,226522,203420
677,169654,Deep Sea Adventure,2014,678,6.96,6.76,12148,135779,225694,244992,92415,246784,98778
678,38996,Washington's War,2010,679,7.63,6.75,2445,1822,91,833,276386,7480,17392
679,21882,Blue Moon City,2006,680,7.04,6.75,7915,2955,244331,503,5404,13004,904
680,110277,Among the Stars,2012,681,7.07,6.75,6848,48726,162286,68425,157526,162007,143986
681,170416,Vast: The Crystal Caverns,2016,682,7.16,6.75,6163,209010,202408,245655,150376,252399,174430
682,131287,Panamax,2014,683,7.32,6.75,3698,95527,55600,207691,42052,160495,154809
683,91872,Dungeons & Dragons: The Legend of Drizzt Board Game,2011,684,7.24,6.75,5833,59946,66356,172220,264196,181521,100423
684,230244,Black Angel,2019,685,7.36,6.74,3611,262215,228341,250458,283863,247763,264052
685,40628,Finca,2009,686,7.06,6.74,6973,27173,22345,30869,66362,54,25554
686,2453,Blokus,2000,687,6.88,6.74,23991,1198,46213,25669,21550,140,16992
687,41002,Vasco da Gama,2009,688,7.23,6.74,4360,42052,66589,55600,96913,207691,160495
688,244992,The Mind,2018,689,6.87,6.74,22525,178900,147151,98778,209778,39856,198773
689,1035,Squad Leader,1977,690,7.53,6.74,3229,2639,237,2238,1563,3608,5455
690,271518,Disney Villainous: Wicked to the Core,2019,691,7.65,6.74,2829,284760,299047,331050,352764,302336,256382
691,30957,Tribune: Primus Inter Pares,2007,692,7.22,6.74,4488,5404,1345,18602,9216,555,93
692,216600,Fantastic Factories,2019,693,7.5,6.74,2895,350933,245961,318009,328871,329465,169426
693,171273,FUSE,2015,694,7.04,6.74,7566,141572,217449,232043,150658,150312,223215
694,206480,Imperial Struggle,2020,695,8.33,6.74,1496,132018,253506,242722,164949,130960,144189
695,117915,Yedo,2012,696,7.37,6.74,3562,63628,126042,144344,50750,176734,140603
696,24800,Conflict of Heroes: Awakening the Bear! – Russia 1941-42,2008,697,7.5,6.74,3006,38823,132028,21050,84419,39217,14105
697,177590,13 Days: The Cuban Missile Crisis,2016,698,7.28,6.74,4016,12333,27708,79828,268864,128996,204516
698,28181,Combat Commander: Pacific,2008,699,8.11,6.74,1549,21050,165967,214234,165872,144189,11825
699,181687,The Pursuit of Happiness,2015,700,7.21,6.73,4478,179172,169426,279254,195421,221194,283393
700,12002,Jambo,2004,701,7.0,6.73,8056,8217,40628,27173,30869,54,88
701,204516,878 Vikings: Invasions of England,2017,702,7.54,6.73,2810,177590,128996,268864,208773,115746,25292
702,156566,Lords of Xidit,2014,703,7.12,6.73,5573,108745,97207,162082,125618,68448,132531
703,148575,Marvel Dice Masters: Avengers vs. X-Men,2014,704,7.15,6.73,5581,158275,129437,58281,37046,168584,155624
704,163602,XCOM: The Board Game,2015,705,7.04,6.73,8216,37111,174430,150376,187645,25292,100423
705,18098,Napoleon's Triumph,2007,706,7.98,6.73,1728,130960,40354,25021,164949,359613,3685
706,158435,Dogs of War,2014,707,7.52,6.73,2731,30645,337765,206718,178054,319966,124361
707,342942,Ark Nova,2021,708,8.67,6.73,1162,312484,231733,286096,317985,177736,236457
708,214887,CO₂: Second Chance,2018,709,7.61,6.73,2547,262215,142379,125153,228341,163068,230244
709,12962,Reef Encounter,2004,710,7.14,6.73,5010,8125,29937,26990,42,24181,481
710,191051,Outlive,2017,711,7.35,6.73,3873,230244,210296,154203,195421,232405,202583
711,179275,One Deck Dungeon,2016,712,7.03,6.73,9001,224821,296237,306735,228855,43570,156336
712,166384,Spyfall,2014,713,6.85,6.73,19142,156129,157969,171131,143741,178900,198773
713,218333,Rhino Hero: Super Battle,2017,714,7.28,6.73,3992,91514,177524,145639,226320,17329,271785
714,251678,Railroad Ink: Blazing Red Edition,2018,715,7.18,6.73,4923,245654,163412,266192,230802,233867,266524
715,318084,Furnace,2021,716,7.51,6.73,2799,246684,330608,301255,164928,301257,157354
716,281442,Trismegistus: The Ultimate Formula,2019,717,7.65,6.72,2529,297030,269511,298383,306481,343905,308765
717,197443,Fugitive,2017,718,7.21,6.72,4385,135779,169654,246784,266830,261114,193042
718,194879,Not Alone,2016,719,7.01,6.72,8818,205398,478,158899,257527,287084,176165
719,528,ZÈRTZ,1999,720,7.28,6.72,4009,527,31999,7854,19764,2346,217083
720,145659,Scoville,2014,721,7.15,6.72,4978,221318,97842,72321,176734,63628,180511
721,161417,Red7,2014,722,6.9,6.72,13610,163412,158600,129622,15512,172,54043
722,113997,Tajemnicze Domostwo,2013,723,7.15,6.72,5021,9441,237211,85325,32471,21241,17557
723,198830,"Heroes of Land, Air & Sea",2018,724,7.67,6.72,2465,192457,232405,205896,222509,200511,82222
724,280480,Crystal Palace,2019,725,7.61,6.72,2417,269511,281442,306481,343905,217780,238799
725,51,Ricochet Robots,1999,726,7.01,6.72,8278,117959,7805,11,98778,3076,15817
726,45,Perudo,1800,727,6.9,6.72,13186,98778,129622,11,147151,244992,822
727,12891,Friedrich,2004,728,7.56,6.72,2605,40354,164949,130960,9625,25021,206480
728,137269,Spyrium,2013,729,7.07,6.72,5944,25554,31594,73439,66362,171623,96913
729,35570,Tinners' Trail,2008,730,7.25,6.72,3877,65781,18602,1345,9216,24181,39351
730,103886,Star Wars: The Card Game,2012,731,7.18,6.72,5463,205359,271896,146652,146021,96848,100423
731,224597,Warhammer Underworlds: Shadespire,2017,732,7.72,6.72,2657,261594,318472,287754,156776,165838,212445
732,94,Union Pacific,1999,733,7.21,6.72,4208,492,554,494,2842,70,5737
733,256570,Crown of Emara,2018,734,7.46,6.71,2789,220877,229220,245934,283863,245638,227515
734,12902,Carcassonne: The City,2004,735,7.21,6.71,4280,21348,31627,36218,119890,11,116
735,202670,Ticket to Ride: Rails & Sails,2016,736,7.43,6.71,3361,31627,253284,225244,276894,199561,256226
736,11825,Empire of the Sun,2005,737,8.24,6.71,1568,91,162009,313073,206509,342948,61487
737,119788,Hyperborea,2014,738,7.2,6.71,4540,192457,133848,218509,202408,230244,170416
738,217780,Gentes,2017,739,7.46,6.71,2721,172386,269511,280480,102680,227789,245638
739,139898,Brew Crafters,2013,740,7.43,6.71,2904,145659,63628,72321,123260,133848,48726
740,552,Bus,1999,741,7.53,6.71,2458,111341,161882,228372,297486,350205,31730
741,284742,Honey Buzz,2020,742,7.85,6.71,1950,336986,314491,334065,304051,283155,353288
742,175117,Celestia,2015,743,6.97,6.71,9147,158899,147151,98778,225694,70919,244992
743,252153,Tang Garden,2020,744,7.53,6.71,2759,221194,277700,275215,267319,276086,265402
744,155362,Ca$h 'n Guns (Second Edition),2014,745,6.88,6.71,13334,157969,156129,143741,166384,147949,181304
745,266830,Q.E.,2019,746,7.47,6.7,2618,351040,246784,345972,193042,279537,329839
746,82421,Summoner Wars: Phoenix Elves vs Tundra Orcs,2009,747,7.52,6.7,2587,82420,158889,93260,58281,167400,332800
747,41066,Virgin Queen,2012,748,8.05,6.7,1587,17392,242722,91,132018,130960,206480
748,284760,Disney Villainous: Evil Comes Prepared,2019,749,7.67,6.7,2560,271518,299047,331050,352764,302336,256382
749,53953,Thunderstone,2009,750,6.93,6.7,10250,45315,91536,116998,27162,15062,101721
750,156689,Legendary: A Marvel Deck Building Game – Villains,2014,751,7.58,6.7,2599,129437,252985,394960,210290,285157,125678
751,176165,Dale of Merchants,2015,752,7.2,6.7,4379,217861,201808,262712,244115,267319,270971
752,41,Can't Stop,1980,753,6.85,6.7,14445,50,432,15512,230802,302260,54137
753,234671,Pandemic: Rising Tide,2017,754,7.6,6.7,2326,119890,198928,150658,31627,260428,157809
754,15512,Diamant,2005,755,6.82,6.7,18067,172,50,129622,54043,12942,148228
755,132028,Conflict of Heroes: Awakening the Bear! – Operation Barbarossa 1941 (Second Edition),2012,756,7.95,6.7,1766,286344,21050,24800,68076,14105,38823
756,1041,San Marco,2001,757,7.17,6.7,4320,5404,8051,18100,8989,25568,3
757,179172,Unfair,2017,758,7.34,6.7,3928,221194,172287,316858,181687,279254,295895
758,8125,Santiago,2003,759,7.11,6.7,4937,8190,204,12962,475,3,503
759,177678,Signorie,2015,760,7.42,6.7,2817,154809,244711,144592,160495,212516,207691
760,129948,The Palaces of Carrara,2012,761,7.16,6.69,4286,106217,128271,55670,136888,171623,146886
761,195137,Catacombs (Third Edition),2015,762,7.56,6.69,2476,39463,209010,82168,155624,38453,169124
762,154458,Akrotiri,2014,763,7.23,6.69,3922,245934,303554,183840,227224,140934,157354
763,283393,Aquatica,2019,764,7.41,6.69,2857,329465,340677,298069,318084,314491,265736
764,26566,Homesteaders,2009,765,7.22,6.69,3714,128271,31594,9217,146886,18602,17133
765,306040,Merv: The Heart of the Silk Road,2020,766,7.72,6.69,2047,238799,298383,308765,343905,306481,323156
766,16747,Tumblin-Dice,2004,767,7.2,6.69,4059,117959,521,244995,123570,193042,217449
767,29368,Last Night on Earth: The Zombie Game,2007,768,6.93,6.69,13723,100423,15062,34119,15987,20963,37046
768,26990,Container,2007,769,7.15,6.69,4466,875,31730,4098,24181,13122,552
769,30645,Tammany Hall,2007,770,7.27,6.69,3609,43015,54138,202426,249381,337765,19857
770,122298,Morels,2012,771,6.99,6.69,7764,204027,232824,228504,207336,183840,140934
771,91514,Rhino Hero,2011,772,6.94,6.69,9097,218333,17329,145639,177524,271785,83195
772,2181,Bridge,1925,773,7.46,6.69,2940,188,1116,2093,1115,6887,15889
773,65244,Forbidden Island,2010,774,6.78,6.69,44377,136063,16992,30549,133473,253284,43443
774,244114,Yellow & Yangtze,2018,775,7.89,6.69,1705,220,244331,12,266164,118,319966
775,1345,Genoa,2001,776,7.06,6.69,5976,5404,555,9440,13642,35570,9216
776,98229,Pictomania,2011,777,7.28,6.69,3420,166384,193042,135779,39856,171131,169654
777,37380,Roll Through the Ages: The Bronze Age,2008,778,6.87,6.69,11678,8217,13004,38054,30869,27588,27162
778,82420,Summoner Wars: Guild Dwarves vs Cave Goblins,2009,779,7.57,6.69,2355,82421,158889,93260,58281,101721,133038
779,9440,Maharaja: The Game of Palace Building in India,2004,780,7.11,6.69,4931,1041,5404,1345,8051,13642,22345
780,151004,Smash Up: Science Fiction Double Feature,2014,781,7.28,6.69,3799,160018,134726,168917,177802,198487,143185
781,180593,The Bloody Inn,2015,782,7.01,6.69,6963,318084,206718,296912,295374,157354,274364
782,218121,Dice Hospital,2018,783,7.18,6.68,4252,241724,271324,184921,233867,246192,219513
783,223953,Kitchen Rush,2017,784,7.33,6.68,3168,209778,246784,171131,242639,201808,188866
784,65901,Age of Industry,2010,785,7.37,6.68,2896,39351,35570,26990,24181,43015,65781
785,148319,Tragedy Looper,2011,786,7.2,6.68,4137,128882,151347,150293,24068,170416,240980
786,13642,Louis XIV,2005,787,7.06,6.68,5381,1345,22345,8051,27173,9440,555
787,1465,Wizard,1984,788,6.94,6.68,9194,223040,284108,205867,73664,259374,318243
788,283863,The Magnificent,2019,789,7.62,6.68,2190,220877,250458,245638,234487,229220,256570
789,27976,Heroscape Master Set: Swarm of the Marro,2007,790,7.63,6.68,2296,24703,11170,54361,368557,8107,3439
790,108906,Thunder Alley,2014,791,7.32,6.68,3257,128996,27708,268864,72125,12333,10630
791,239464,Palm Island,2018,792,7.2,6.68,4229,329873,245487,306735,216459,148729,43570
792,491,Web of Power,2000,793,7.3,6.68,3400,8989,481,1041,122,1261,8051
793,227460,Hannibal & Hamilcar,2018,794,8.36,6.68,1319,325348,242722,130960,206480,276386,132018
794,98351,Core Worlds,2011,795,7.17,6.68,4057,65532,48726,96848,146652,37046,110327
795,195560,Wasteland Express Delivery Service,2017,796,7.4,6.68,2987,195421,172287,110327,141423,221194,192457
796,172047,The Others,2016,797,7.37,6.68,3552,192457,222509,155068,202408,205896,198830
797,216459,The Lost Expedition,2017,798,7.07,6.67,5565,43570,156336,306735,196526,148729,352697
798,66356,Dungeons & Dragons: Wrath of Ashardalon Board Game,2011,799,7.13,6.67,6090,59946,91872,172220,264196,228668,181521
799,244608,Menara,2018,800,7.46,6.67,2550,317311,223040,244521,329839,284108,261114
800,108784,Ascension: Storm of Souls,2011,801,7.3,6.67,3450,95064,122294,138233,157026,144864,69789
801,202408,Adrenaline,2016,802,7.04,6.67,5889,192457,176920,150376,209010,170216,232405
802,218479,Cerebria: The Inside World,2018,803,7.82,6.67,1955,224783,256997,163068,271055,185343,142379
803,160851,Lanterns: The Harvest Festival,2015,804,6.9,6.67,10161,199561,244228,271869,171273,232043,136063
804,220517,The Shipwreck Arcana,2017,805,7.48,6.67,2493,223750,242302,284083,328565,254640,288169
805,240,Britannia,1986,806,7.2,6.67,4096,71,224,1513,234,483,26
806,234477,Battle for Rokugan,2017,807,7.47,6.67,2764,284616,194879,249746,313093,297985,156496
807,191977,The Castles of Burgundy: The Card Game,2016,808,7.0,6.67,6142,176494,148949,183840,157809,232988,176396
808,106217,Hawaii,2011,809,7.14,6.67,4308,129948,9217,66362,137269,55670,31594
809,204472,Sub Terra,2017,810,7.38,6.67,3482,281258,316412,181304,210296,286537,273477
810,283864,Trails of Tucana,2019,811,7.47,6.67,2471,295947,334065,295607,283155,263918,340041
811,52461,Legacy: The Testament of Duke de Crecy,2013,812,7.16,6.67,4122,154203,123260,63628,162007,48726,50750
812,904,Dream Factory,2000,813,7.05,6.66,5178,12,46,220,21882,3228,244331
813,2093,Mahjong,1850,814,7.03,6.66,6720,2453,171,822,13,188,1198
814,131260,Qwixx,2012,815,6.87,6.66,10577,183006,206931,244522,25669,316546,173090
815,207243,The City of Kings,2018,816,7.68,6.66,2222,209660,98527,180263,273910,215341,234669
816,318184,Imperium: Classics,2021,817,7.85,6.66,1817,318182,162886,306735,316554,361545,191189
817,8051,Attika,2003,818,6.99,6.66,6402,1041,481,22345,25643,88,18100
818,201921,Tiny Epic Quest,2017,819,7.02,6.66,6516,163967,148951,180852,171233,244536,141423
819,272738,Jaws,2019,820,7.24,6.66,3970,282524,302388,150376,232405,100901,226634
820,27588,Zooloretto,2007,821,6.83,6.66,14246,6249,107529,21790,34635,42215,50
821,59946,Dungeons & Dragons: Castle Ravenloft Board Game,2010,822,6.98,6.66,8685,66356,91872,181521,172220,42776,100423
822,147151,Concept,2013,823,6.8,6.66,16676,244992,209778,178900,98778,39856,181304
823,38054,Snow Tails,2008,824,6.97,6.65,6150,7805,37380,30869,22141,13004,27162
824,169124,Flick 'em Up!,2015,825,6.92,6.65,8184,113294,100901,143741,150312,155362,97903
825,203427,Fabled Fruit,2016,826,7.02,6.65,5373,217449,183251,153938,244522,172308,173090
826,279613,Unlock!: Timeless Adventures,2019,827,7.91,6.65,1544,266121,294612,254226,228867,239307,302425
827,260180,Project L,2020,828,7.56,6.65,2309,295947,283155,298069,265736,244521,274960
828,207830,5-Minute Dungeon,2017,829,7.0,6.65,7524,198740,223040,318977,199042,173090,294514
829,290359,Undaunted: North Africa,2020,830,7.93,6.65,1648,268864,354570,366495,258210,362944,260428
830,291794,Dice Throne: Season One ReRolled,2020,831,8.46,6.65,1172,244271,348406,366310,216734,266966,381297
831,95064,Ascension: Return of the Fallen,2011,832,7.3,6.65,3202,122294,108784,138233,157026,144864,185123
832,193214,Meeple Circus,2017,833,7.1,6.65,4654,284108,223040,246784,209778,336794,261114
833,56692,Parade,2007,834,6.97,6.64,6335,34219,203430,220,140934,12942,12
834,275467,Letter Jam,2019,835,7.27,6.64,3109,262543,329839,254640,224037,156129,193042
835,219215,Werewords,2017,836,7.15,6.64,3929,156129,178900,166384,254640,135779,46213
836,125678,DC Comics Deck-Building Game,2012,837,7.04,6.64,6609,129437,155463,142852,160958,167763,301665
837,300300,Chronicles of Crime: 1400,2020,838,7.92,6.64,1883,302098,302312,239188,223321,314040,285192
838,554,La Città,2000,839,7.03,6.64,5141,13884,855,1345,3307,13642,94
839,174570,Legendary Encounters: A Predator Deck Building Game,2015,840,7.46,6.64,2514,146652,256874,195571,100423,210290,129437
840,322708,Descent: Legends of the Dark,2021,841,7.98,6.64,2035,264220,269385,253344,205059,188920,291457
841,212402,The Grimm Forest,2018,842,7.13,6.64,4893,293889,171233,172818,297978,221194,192860
842,171669,Discoveries: The Journals of Lewis & Clark,2015,843,7.06,6.64,4588,157526,163968,174660,176396,157809,200954
843,238992,Call to Adventure,2019,844,7.19,6.64,4221,216734,169426,302723,329465,195421,266993
844,19600,Antike,2005,845,7.08,6.64,4618,124,3307,24181,554,1345,22545
845,154086,Gold West,2015,846,7.35,6.64,2648,170624,128271,245934,118048,162082,193558
846,69779,Polis: Fight for the Hegemony,2012,847,7.57,6.64,2209,79828,165401,12333,25021,40354,177590
847,158275,Marvel Dice Masters: Uncanny X-Men,2014,848,7.19,6.64,3738,148575,168998,138649,160902,122522,129437
848,244331,Blue Lagoon,2018,849,7.19,6.64,3501,305761,300001,220,22245,12,244114
849,214029,SpaceCorp: 2025-2300AD,2018,850,7.68,6.64,1932,84419,62227,12333,111799,300192,27708
850,25669,Qwirkle,2006,851,6.78,6.63,17122,2453,173090,65244,131260,1198,16992
851,197405,Tak,2017,852,7.63,6.63,2289,7854,31999,272380,217083,36235,2655
852,939,Star Wars: The Queen's Gambit,2000,853,7.56,6.63,2129,15363,15062,79127,15364,12495,221
853,180680,Automobiles,2016,854,7.27,6.63,2992,125618,107529,121297,161614,242302,205597
854,235488,Istanbul: The Dice Game,2017,855,7.18,6.63,3668,270970,230080,204027,242574,256226,330038
855,66505,The Speicherstadt,2010,856,7.03,6.63,4866,55670,31594,66362,27173,9216,25554
856,218074,Detective: City of Angels,2019,857,7.97,6.63,1502,302723,314040,245655,161936,284653,340325
857,248065,Zombicide: Invader,2019,858,7.9,6.63,1855,176189,224710,251723,286751,331224,197070
858,242804,Lowlands,2018,859,7.44,6.63,2384,143693,124361,234277,227789,73439,245934
859,72287,Mr. Jack Pocket,2010,860,6.89,6.63,7960,21763,147151,139030,98778,175117,129622
860,165838,Space Hulk (Fourth Edition),2014,861,7.97,6.63,1643,54625,212445,224597,318472,156776,247104
861,224,History of the World,1991,862,7.12,6.63,4423,483,240,71,98,121,103
862,168917,Smash Up: Pretty Pretty Smash Up,2015,863,7.26,6.63,3332,160018,151004,177802,134726,198487,143185
863,161866,Zombicide Season 3: Rue Morgue,2015,864,7.55,6.62,2547,137988,224710,113924,176189,248065,286751
864,198740,Lovecraft Letter,2017,865,7.23,6.62,3384,223040,207830,196326,271601,293141,244608
865,300877,New York Zoo,2020,866,7.24,6.62,3326,281259,290236,266524,233867,295486,350184
866,178336,World's Fair 1893,2016,867,7.2,6.62,3457,174660,244228,300327,270636,183231,200057
867,210296,DinoGenics,2019,868,7.69,6.62,1890,221194,191051,265402,195421,170042,231581
868,207691,Railroad Revolution,2016,869,7.36,6.62,2575,160495,144592,154809,95527,172386,55600
869,131646,Merchant of Venus (Second Edition),2012,870,7.16,6.62,3676,25292,72125,27162,63628,37111,48726
870,245643,Luxor,2018,871,7.2,6.62,3558,269144,171499,219513,6249,209685,191862
871,72225,CO₂,2012,872,7.14,6.62,3769,126042,55600,42052,192836,131287,109276
872,200077,Mint Works,2017,873,7.0,6.62,5500,230251,156336,43570,216459,163967,195314
873,182340,Star Trek: Frontiers,2016,874,7.88,6.62,1629,146652,79127,234669,71721,96848,271896
874,15817,Manila,2005,875,6.98,6.62,5654,32125,115,34084,51,117959,199
875,204027,Cottage Garden,2016,876,6.89,6.62,7504,176396,244228,230080,270970,242574,207336
876,285984,Last Bastion,2019,877,7.61,6.62,2102,276830,217861,293889,201808,285192,339906
877,150999,Valley of the Kings,2014,878,7.04,6.62,4415,157809,191977,121408,171011,163968,183840
878,254386,Raccoon Tycoon,2018,879,7.38,6.62,2649,265736,340677,298069,258036,295374,296626
879,329465,Red Rising,2021,880,7.22,6.62,3596,328871,283393,169426,216600,199792,258036
880,230080,Majesty: For the Realm,2017,881,6.98,6.62,5555,176494,148949,204027,156009,176396,157354
881,85897,Thunderstone: Dragonspire,2011,882,7.34,6.62,2667,140951,142961,116998,53953,152765,95064
882,157403,Black Fleet,2014,883,7.01,6.61,5111,28023,163968,27162,121410,15062,40692
883,112,Condottiere,1995,884,6.85,6.61,9036,3,47,220,760,42,12
884,104710,Wiz-War (Eighth Edition),2012,885,7.06,6.61,4761,90137,15363,36932,37111,15062,91536
885,66056,Rivals for Catan,2010,886,6.97,6.61,6323,127398,13,173090,244522,131260,27710
886,156776,"Warhammer 40,000: Conquest",2014,887,7.36,6.61,2968,47185,224597,184151,212445,101721,90137
887,89409,BattleCON: War of Indines,2010,888,7.72,6.61,1823,123123,162388,204728,151347,159868,174400
888,196526,Coffee Roaster,2015,889,7.49,6.61,2133,43570,306735,156336,216459,350736,352697
889,160018,Smash Up: Monster Smash,2014,890,7.3,6.61,3011,151004,168917,177802,134726,143185,198487
890,200954,Fields of Green,2016,891,7.16,6.61,3416,171669,179572,213893,204027,157526,157809
891,256999,Project: ELITE,2020,892,8.1,6.61,1328,302723,209010,216734,274637,181279,82222
892,75449,Firenze,2010,893,7.25,6.61,2911,96913,119591,145588,91873,55670,136888
893,104363,Rex: Final Days of an Empire,2012,894,7.08,6.61,4307,37111,25292,72125,163602,12493,43111
894,1382,Winner's Circle,2001,895,6.98,6.6,5195,125,46,3,398,475,337
895,185589,Islebound,2016,896,7.18,6.6,3260,172818,168609,259298,197376,195421,133848
896,199966,Kingsburg (Second Edition),2017,897,7.46,6.6,2235,157354,164928,176396,183840,228341,220877
897,157809,Nations: The Dice Game,2014,898,6.96,6.6,5170,121408,191977,123260,148949,176396,176494
898,127518,A Distant Plain,2013,899,7.86,6.6,1554,144189,220588,180199,91080,165872,62227
899,253284,Ticket to Ride: New York,2018,900,6.99,6.6,5289,276894,252929,362541,271869,256226,199561
900,227515,Riverboat,2017,901,7.48,6.6,2132,245934,256570,206941,227789,193558,244049
901,141517,A Study in Emerald,2013,902,7.19,6.6,3192,316624,178054,62219,30645,105551,19857
902,164949,"Time of Crisis: The Roman Empire in Turmoil, 235-284 AD",2017,903,7.65,6.6,1835,253506,132018,91080,25021,40354,206480
903,195314,Herbaceous,2017,904,7.09,6.6,4142,257769,322622,283155,228504,224904,199561
904,22825,Tide of Iron,2007,905,7.21,6.6,3773,17710,35052,67492,9609,10093,88827
905,1301,Netrunner,1996,906,7.45,6.6,2357,2122,463,124742,90137,257501,1887
906,198454,When I Dream,2016,907,7.04,6.59,4490,147151,209778,39856,244992,139030,175117
907,8203,"Hey, That's My Fish!",2003,908,6.7,6.59,20029,50,5782,172,12942,9674,11
908,264052,Circadians: First Light,2019,909,7.69,6.59,1747,265402,254713,230244,264982,350316,296151
909,171233,The Big Book of Madness,2015,910,6.94,6.59,6027,150312,201921,172818,232043,212402,195544
910,45986,Stronghold,2009,911,7.15,6.59,3398,45315,20963,43111,22545,77130,40765
911,229892,Container: 10th Anniversary Jumbo Edition!,2018,912,7.69,6.59,1670,175914,145371,256730,256960,28720,228372
912,60,Vinci,1999,913,7.08,6.59,3967,3307,855,1159,554,8051,19600
913,6830,Zendo,2001,914,7.25,6.59,2855,521,8203,903,11971,7854,34219
914,217449,NMBR 9,2017,915,6.9,6.59,6263,244228,171273,183251,274960,199561,168435
915,177524,ICECOOL,2016,916,6.82,6.59,9106,145639,244513,252929,181345,165722,244916
916,1822,Wilderness War,2001,917,7.71,6.59,1734,38996,91,833,41066,276386,17392
917,218509,Empires of the Void II,2018,918,7.52,6.59,2065,82222,172287,195560,259298,195421,119788
918,130176,Tales & Games: The Hare & the Tortoise,2011,919,7.09,6.59,3808,169124,150312,28023,177524,232043,143741
919,136991,Loony Quest,2015,920,6.92,6.59,5839,209778,147151,198454,169124,28023,39856
920,301255,Whistle Mountain,2020,921,7.79,6.59,1573,228341,318084,250458,266810,283863,265402
921,222514,Batman: Gotham City Chronicles,2019,922,7.71,6.59,2278,160010,243759,257518,172047,186751,163602
922,191231,Via Nebula,2016,923,7.05,6.59,4072,213893,206718,163968,230933,173101,193558
923,163154,Falling Sky: The Gallic Revolt Against Caesar,2016,924,7.89,6.59,1507,127518,193728,91080,180199,62227,144189
924,228504,Cat Lady,2017,925,7.07,6.59,4206,199561,283155,274960,297978,256226,265736
925,25568,Metropolys,2008,926,7.03,6.58,4070,35435,481,1041,503,3,475
926,55427,Mr. Jack in New York,2009,927,7.22,6.58,3103,39856,201808,158899,21763,246784,28023
927,40793,Dice Town,2009,928,6.86,6.58,7025,154386,28023,40692,137297,232043,157354
928,298065,Santa Monica,2020,929,7.4,6.58,2355,283155,260180,199561,314491,295947,265736
929,244654,Wildlands,2018,930,7.3,6.58,2758,192457,202408,232405,198830,253499,231581
930,35497,Fauna,2008,931,7.03,6.58,4182,199,117959,7805,51,39856,136991
931,267319,Roam,2019,932,7.42,6.58,2283,314491,270970,283155,199561,287954,232219
932,823,The Lord of the Rings,2000,933,6.74,6.58,14737,3201,8217,18,24480,54,9674
933,97903,Terror in Meeple City,2013,934,6.85,6.58,7264,169124,15062,113294,30539,100901,37046
934,35052,Axis & Allies Anniversary Edition,2008,935,7.44,6.58,2714,41863,61692,10093,55829,221,98
935,135382,Shadowrun: Crossfire,2014,936,7.16,6.58,3492,189660,159109,226501,133038,146652,98351
936,23540,Shikoku 1889,2004,937,7.99,6.58,1279,253608,17405,421,3097,12750,282435
937,217861,Paper Tales,2017,938,7.06,6.58,3890,201808,176165,262712,157354,270971,328871
938,159473,Quartermaster General,2014,939,7.35,6.58,2522,12333,115746,208773,128996,204516,27708
939,284818,Caylus 1303,2019,940,7.59,6.58,1838,164928,236191,311193,177478,124361,250458
940,122522,Smash Up,2012,941,6.73,6.57,24721,160499,157969,150312,143741,40692,150376
941,18100,China,2005,942,6.98,6.57,4374,1041,8051,8989,481,5404,475
942,197070,Massive Darkness,2017,943,7.21,6.57,4260,176189,315610,224710,248065,253344,172047
943,242684,Reavers of Midgard,2019,944,7.47,6.57,2116,265402,221194,172287,279254,264982,170042
944,91536,Quarriors!,2011,945,6.75,6.57,13360,15062,37046,160499,40692,31481,41114
945,551,Battle Cry,1999,946,7.15,6.57,3467,88827,109291,10093,10630,94246,35052
946,67492,Battles of Westeros,2010,947,7.26,6.57,2869,146439,59294,204516,31563,25417,135219
947,221,Ikusa,1986,948,7.02,6.57,4981,98,483,3633,35052,10093,17710
948,161882,Irish Gauge,2014,949,7.34,6.57,2321,228372,552,297486,111341,249381,31730
949,21523,Runebound: Second Edition,2005,950,6.88,6.57,7853,17226,71061,15987,94362,133038,17223
950,194880,Dream Home,2016,951,6.91,6.57,6081,340041,269603,281960,299592,171890,274841
951,153065,Linko!,2014,952,6.99,6.57,4324,243430,270233,56692,203430,123570,354
952,1608,Ambush!,1983,953,7.46,6.56,2234,1032,586,1666,1425,3711,1035
953,134352,Two Rooms and a Boom,2013,954,6.99,6.56,4574,171131,156129,147949,178900,262543,155362
954,142326,Eight-Minute Empire: Legends,2013,955,6.96,6.56,4747,131366,171668,172818,163968,110327,133848
955,152162,Diamonds: Second Edition,2014,956,6.92,6.56,5071,34219,56692,20437,141572,171011,221965
956,276498,Paris: La Cité de la Lumière,2019,957,7.41,6.56,2354,287954,284936,283155,346965,300583,295947
957,223750,Hardback,2018,958,7.24,6.56,2702,242302,205597,172081,220517,245654,251412
958,164265,Witness,2014,959,7.28,6.56,2484,1353,113294,39463,38453,20437,242639
959,256788,Detective Club,2018,960,7.41,6.56,2219,329839,348096,244992,198454,147151,246784
960,71671,Yggdrasil,2011,961,7.04,6.56,3839,37046,15062,27162,40692,91536,45315
961,68264,No Retreat! The Russian Front,2011,962,7.78,6.56,1546,91,193727,276386,206509,206480,130960
962,191300,Archaeology: The New Expedition,2016,963,7.15,6.56,3165,34219,206718,244228,270314,56692,140934
963,5737,Domaine,2003,964,6.99,6.56,4320,88,826,8989,1041,19100,5404
964,273330,Bloodborne: The Board Game,2021,965,7.98,6.56,1768,253344,322708,264220,310100,315610,299121
965,1634,Warhammer Quest,1995,966,7.48,6.56,2417,165838,3072,1758,1568,197572,3565
966,94246,1812: The Invasion of Canada,2012,967,7.34,6.56,2270,128996,206150,177590,79828,204516,27708
967,182694,Watson & Holmes,2015,968,7.34,6.56,2385,59959,171668,2511,198928,2653,146508
968,229265,Wendake,2017,969,7.53,6.56,1893,280480,217780,281442,272427,160495,140620
969,272739,Clinic: Deluxe Edition,2020,970,7.74,6.56,1554,125153,161533,237179,184267,338760,142379
970,228328,Rurik: Dawn of Kiev,2019,971,7.83,6.56,1546,233398,169786,330608,170216,316554,233247
971,156091,Sons of Anarchy: Men of Mayhem,2014,972,7.28,6.56,2691,127023,181279,54998,25292,175155,82222
972,146312,Ghost Fightin' Treasure Hunters,2013,973,7.15,6.55,3212,218333,256952,137909,226320,4209,271785
973,207336,Honshū,2016,974,6.96,6.55,4551,204027,244228,241831,232219,183840,232043
974,145639,Coconuts,2013,975,7.04,6.55,3953,177524,218333,91514,165722,16747,244513
975,16992,Tsuro,2004,976,6.67,6.55,24576,65244,136063,30549,124172,62871,157969
976,17329,Animal Upon Animal,2005,977,6.81,6.55,7520,91514,218333,145639,327,177524,4209
977,216092,Unlock!: Escape Adventures – Squeek & Sausage,2017,978,7.18,6.55,2774,230303,216091,230304,245352,216094,230305
978,183571,Deep Space D-6,2015,979,7.25,6.55,2914,148729,231218,179275,43570,225885,216459
979,8045,Princes of the Renaissance,2003,980,7.34,6.55,2209,24181,9625,62219,1,165401,39351
980,184151,Legend of the Five Rings: The Card Game,2017,981,7.44,6.55,2387,169255,124742,156776,315221,39953,293348
981,24068,Shadow Hunters,2005,982,6.82,6.55,8162,40692,15062,176558,1353,181304,134352
982,299047,Disney Villainous: Perfectly Wretched,2020,983,7.83,6.55,1665,271518,284760,331050,352764,302336,358800
983,279254,Ecos: First Continent,2019,984,7.18,6.55,2900,170042,221194,318084,283393,216600,258036
984,176544,Automania,2015,985,7.32,6.55,2269,163968,97842,176396,148949,157809,213893
985,833,For the People,1998,986,7.77,6.55,1563,91,1822,162009,11825,36399,41066
986,176371,Explorers of the North Sea,2016,987,7.33,6.55,2381,170042,216600,283393,296151,329465,266810
987,137649,Level 7 [Omega Protocol],2013,988,7.46,6.55,2028,73171,163602,205477,42776,160010,104363
988,231218,Black Sonata,2017,989,7.53,6.55,1907,148729,245487,334590,43570,216459,352697
989,270971,Era: Medieval Age,2019,990,7.26,6.55,2671,157354,318084,123260,172287,195421,221194
990,95103,Fortune and Glory: The Cliffhanger Game,2011,991,7.1,6.55,3646,35815,29368,71882,169464,308970,65532
991,163642,Chimera Station,2017,992,7.31,6.54,2344,286096,220877,236457,118048,246663,269207
992,37836,"Julius Caesar: Caesar, Pompey, and the Roman Civil War",2010,993,7.78,6.54,1490,3685,25277,14105,8481,276386,62222
993,175199,Mottainai,2015,994,7.03,6.54,3706,63888,285039,144239,295905,249381,185257
994,221318,Whistle Stop,2017,995,7.12,6.54,3116,234487,176396,123260,174660,221194,213893
995,27364,Caylus Magna Carta,2007,996,6.91,6.54,4881,66362,22345,27173,25554,8217,9216
996,327,Loopin' Louie,1992,997,6.76,6.54,8681,17329,145639,153938,150,165722,36648
997,124,Primordial Soup,1997,998,6.94,6.54,4591,19600,3307,18,2842,554,1159
998,37628,Haggis,2010,999,6.97,6.54,4051,156373,6688,251433,152,354,619
999,230933,Merlin,2017,1000,7.12,6.54,3136,193558,256570,245934,300327,137408,245638
